,curve_date,curve_num,dH,dH_std,n_curve,Tm,Tm_std,dG_37,dG_37_std,dS,dS_std,is_hairpin,Na_mM,conc_uM,Purification,RefSeq,TargetStruct
HP003,23031320,6,-35.130547240262764,0.0,1,51.54515103483492,0.0,-1.573719576401079,0.0,-0.10819547852284922,0.0,True,25.0,9.0,standard desalting,CTTACCGTGTGGTAAG,((((((....))))))
HP005,23031209,2,-56.82647626729113,0.0,1,49.01415347829711,0.0,-2.1191743405804937,0.0,-0.17638981759377925,0.0,True,25.0,9.0,standard desalting,ATTCGATGGGTCGAAT,((((((....))))))
HP007,23031209,4,-39.669744516389926,0.0,1,30.049075514589862,0.0,0.9094401030773338,0.0,-0.13083728718190316,0.0,True,25.0,9.0,standard desalting,GTATATGAGTATATAC,((((((....))))))
HP008,23022109,1,-26.46734658196008,3.1546961057935325,2,45.0131366986607,7.870170741555585,-0.6665966032794908,4.451577859270001,-0.08318797349244104,0.010126617038556026,True,25.0,6.0,standard desalting,CGACTGGACTCAGTCG,((((((....))))))
HP010,23022109,2,-32.81336499660849,2.711407734387868,2,43.46642822048951,3.6591616378386904,-0.6701650657101292,3.813690094356096,-0.10363759448943531,0.008647053715780452,True,25.0,6.0,standard desalting,GCTTTCAATCGAAAGC,((((((....))))))
HP014,23020411,2,-29.188951137384457,0.0,1,39.23076057189103,0.0,-0.20844293103366834,0.0,-0.09344029729598836,0.0,True,25.0,6.0,standard desalting,GTAGAAGAGCTTCTAC,((((((....))))))
HP015,23020411,3,-29.711656819908836,0.3967118199242362,2,48.28126631316714,6.199073743196158,-1.042789387091711,0.7807748493624399,-0.09243549067488999,0.002168240566944234,True,25.0,6.0,standard desalting,CAATCTCGGTAGATTG,((((((....))))))
HP016,23020411,4,-23.41053661772953,0.0,1,48.59022587601764,0.0,-0.843330691832191,0.0,-0.0727622309395368,0.0,True,25.0,6.0,standard desalting,GAGTACCAACGTACTC,((((((....))))))
HP018,23020411,6,-38.331193412831816,0.0,1,62.14597918466652,0.0,-2.8747001202529656,0.0,-0.1143204684590645,0.0,True,25.0,6.0,standard desalting,GCCAGGACCACCTGGC,((((((....))))))
HP019,23020517,1,-44.25499393807966,0.0,1,28.323514251703312,0.0,1.2736701767907788,0.0,-0.14679562829234383,0.0,True,25.0,6.0,standard desalting,AAGGCTATTCAGCCTT,((((((....))))))
HP021,23020517,3,-27.30706482841243,1.508615530263797,2,35.96561371026769,5.617608498597476,0.09137698718064784,2.194315277667185,-0.08833932553794319,0.005137691320876381,True,25.0,6.0,standard desalting,CCAAATCAGTATTTGG,((((((....))))))
HP023,23020517,5,-33.696133196968184,0.0,1,28.400351681551104,0.0,0.9609502810049776,0.0,-0.11174297429622172,0.0,True,25.0,6.0,standard desalting,GGGAGGATGACCTCCC,((((((....))))))
