,sodium,DNA_conc,dH,Tm,dG_37,dS,RefSeq,TargetStruct
BC0,0.025,6e-06,-24.417998433210307,78.26915701740859,-2.8675448997820943,-0.0694839707671391,CAAGCCGAAAGGCTTG,((((((....))))))
BNNN2110,0.025,9e-06,-35.38154650200772,51.36273702689401,-1.565965800507373,-0.1090297620554581,GACGTACGAAAGTAGTC,(((.(((....))))))
BNNN3096,0.025,9e-06,-41.1237671239158,52.33771545668979,-1.9378446826136035,-0.1263450667138552,GTACTCTCGAAAGAGTAC,(((..(((....))))))
BNNN8973,0.025,9e-06,-38.74727833413429,61.91681055285287,-2.8813913025205333,-0.1156404547206634,GCGAACGAAAGTTCACGC,((((((....)))..)))
HP003,0.025,9e-06,-35.130547240262764,51.54515103483492,-1.573719576401079,-0.1081954785228492,CTTACCGTGTGGTAAG,((((((....))))))
HP005,0.025,9e-06,-56.82647626729113,49.01415347829711,-2.1191743405804937,-0.1763898175937792,ATTCGATGGGTCGAAT,((((((....))))))
HP007,0.025,9e-06,-39.669744516389926,30.049075514589862,0.9094401030773338,-0.1308372871819031,GTATATGAGTATATAC,((((((....))))))
HP008,0.025,6e-06,-28.69805359094948,50.578187799110616,-1.2036874631648082,-0.0886486091497168,CGACTGGACTCAGTCG,((((((....))))))
HP009,0.025,6e-06,-38.77685513395269,63.54139060757484,-3.056780444508425,-0.1151703198112018,AACTTCGTACGAAGTT,((((((....))))))
HP010,0.025,6e-06,-34.73061979215581,46.05384622806292,-0.9850936782849216,-0.1088038888082246,GCTTTCAATCGAAAGC,((((((....))))))
HP015,0.025,6e-06,-29.43113920186355,52.66467339405662,-1.4150043594096124,-0.0903309200143606,CAATCTCGGTAGATTG,((((((....))))))
HP018,0.025,6e-06,-38.331193412831816,62.14597918466652,-2.8747001202529656,-0.1143204684590645,GCCAGGACCACCTGGC,((((((....))))))
HP022,0.025,6e-06,-37.78910822261229,51.06295138125689,-1.6391275839277712,-0.1165564424913252,TTGACGACATCGTCAA,((((((....))))))
HP029,0.025,6e-06,-38.86136193514357,71.0105241938826,-3.840345412647769,-0.1129163840802702,GCGAAGGACACTTCGC,((((((....))))))
HP038,0.025,6e-06,-36.49797562137377,45.79479325993843,-1.006419157106755,-0.114433520761783,CGTGCTTGGCAGCACG,((((((....))))))
HP039,0.025,6e-06,-31.989176416657777,50.92642182518753,-1.3746596006883354,-0.0987087435626936,GGGAACTACAGTTCCC,((((((....))))))
MMCNN112,0.025,9e-06,-38.87587907843698,52.48138247016059,-1.8482627451675324,-0.1193861561607913,CGGCTCGGAAACGACCCG,(((.(((....))).)))
MMCNN112,1.0,9.999999999999999e-06,-47.022541517159134,63.994245329806255,-3.76497015544039,-0.1394730658124093,CGGCTCGGAAACGACCCG,(((.(((....))).)))
MMCNN124,1.0,9.999999999999999e-06,-70.53408285498163,70.39443822348025,-6.856306813554862,-0.2053128358582195,CGGCGCGGAAACGCCCCG,(((.(((....))).)))
MMCNN151,0.025,9e-06,-38.72227862569847,52.43526108176366,-1.8357356788283972,-0.1189313008120911,CGCTACGGAAACGTTGCG,(((.(((....))).)))
MMCNN20,0.025,9e-06,-40.86556871973204,47.474740197609904,-1.3350691999093525,-0.1274560680955108,CGATTCGGAAACGAGTCG,(((.(((....))).)))
MMCNN20,1.0,9.999999999999999e-06,-45.90203243134822,61.7775652951655,-3.3957808302407675,-0.1370506258297838,CGATTCGGAAACGAGTCG,(((.(((....))).)))
MMCNN70,0.025,9e-06,-39.43354120286912,50.28683522689446,-1.6199359729942997,-0.1219203779779939,CGTGTCGGAAACGATACG,(((.(((....))).)))
MMCNN70,1.0,9.999999999999999e-06,-52.104935644537065,62.23521477765097,-3.920504494622091,-0.1553584754148476,CGTGTCGGAAACGATACG,(((.(((....))).)))
MMCNN88,0.025,9e-06,-36.395053338501896,55.4672863522963,-2.045290676183916,-0.1107520962834692,CGTCCCGGAAACGGCACG,(((.(((....))).)))
MMCNN88,1.0,9.999999999999999e-06,-18.34611547257468,60.978827207231504,-1.3166129259716373,-0.0549073111288184,CGTCCCGGAAACGGCACG,(((.(((....))).)))
MMCNNN2336,0.025,6e-06,-51.03930392752075,60.13187715906693,-3.542451569222904,-0.1531415520177264,GCATAGCGAAAGCTGTGC,(((.(((....))).)))
MMCNNN2337,0.025,9e-06,-41.39060956157777,64.46321767099899,-3.366927775418626,-0.122597716544121,GCAGAGCGAAAGCTATGC,(((.(((....))).)))
MMTM176,0.025,6e-06,-33.259669562155885,60.40482701004263,-2.333759698491794,-0.0997127514546641,GCATAGCGAAAGCAATGC,((((.((....)).))))
MMTM177,0.025,6e-06,-47.12422671283749,57.355020511000326,-2.902269381027179,-0.1425824837395141,GCATAGCGAAAGCTATGC,(((((((....)))))))
TETNN1015,0.025,6e-06,-29.56234900777672,38.46118103820423,-0.1386212897464783,-0.0948693461809777,GCGCGGTGGCGC,((((....))))
TETNN975,0.025,6e-06,-48.34949208621507,37.30201942032402,-0.047036207398829,-0.1557390162141423,GCGCGAGGGCGC,((((....))))
TETNNN1262,0.025,9e-06,-46.00239224631893,40.85829716467258,-0.5652427059245775,-0.1465005627612263,GATCTAGCGCTAGATC,((((((....))))))
TETNNN1390,0.025,9e-06,-28.75525620014533,41.33034729884591,-0.3959555726882739,-0.0914373710380688,GATCTTTCGCAAGATC,((((((....))))))
TETNNN1511,0.025,9e-06,-35.902721809401584,38.74738087912534,-0.201142213575103,-0.115110687073437,GATCTTGCTGAAGATC,((((((....))))))
TETNNN1570,0.025,6e-06,-31.01405973615468,45.88656672149618,-0.8638774983759158,-0.0972116145019467,GATCTGACACCAGATC,((((((....))))))
TETNNN1696,0.025,6e-06,-25.233866541518456,44.48861071831417,-0.594910684881767,-0.0794420630554141,GATCTGCCAACAGATC,((((((....))))))
TETNNN1847,0.025,6e-06,-28.837500677717884,42.16990100347078,-0.4728119703731672,-0.0914547435348854,GATCTCAGTGGAGATC,((((((....))))))
TETNNN1848,0.025,6e-06,-21.18632880724424,46.25775092203721,-0.6140669864261455,-0.0663300397253525,GATCTCAGCAGAGATC,((((((....))))))
TETNNN2099,0.025,6e-06,-26.51248270429947,49.821489601933656,-1.0525062807667285,-0.0820892356070699,GATCGAAGAGTCGATC,((((((....))))))
TETNNN2253,0.025,6e-06,-32.63569826748277,39.49238542897776,-0.2601718212800221,-0.1043866724043293,GATCGAGAGTTCGATC,((((((....))))))
TETNNN3186,0.025,6e-06,-35.63521639752897,48.90277036015435,-1.3170443994003054,-0.1106502402003181,GATCCATGACTGGATC,((((((....))))))
TETNNN3276,0.025,9e-06,-34.87863892828645,50.1438067390921,-1.418023110371379,-0.1078852678314205,GATCCAGAGATGGATC,((((((....))))))
TETNNN449,0.025,9e-06,-41.229554155967634,52.36193452283284,-1.94575265659004,-0.1266606529078755,GATCATGAATATGATC,((((((....))))))
TETNNN615,0.025,6e-06,-34.81756998027115,37.32068090490685,-0.0359625901401974,-0.112144470063295,GATCAGTCTGCTGATC,((((((....))))))
TETNNN621,0.025,6e-06,-25.90567133908035,41.26852884519051,-0.3516939849920103,-0.0823923177626578,GATCAGTCGTCTGATC,((((((....))))))
TETNNN707,0.025,6e-06,-24.96321238113464,42.53776391577313,-0.4379022329890196,-0.0790756412966165,GATCAGGAAGCTGATC,((((((....))))))
TETNNN757,0.025,6e-06,-30.827403517705623,41.11557679223628,-0.4037112425019104,-0.098093478236994,GATCAGGGTTCTGATC,((((((....))))))
TRINNN162,0.025,9e-06,-39.55956123869955,50.72529266780095,-1.6736088880463864,-0.1221536429168246,GATCAGCACCTGATC,((((((...))))))
TRINNN445,0.025,9e-06,-34.880207759689576,46.0842070810414,-0.9925597673758352,-0.1092621247535506,GATCTGGGTCAGATC,((((((...))))))
TRINNN452,0.025,9e-06,-40.05785106524223,52.44247615993242,-1.899897741461544,-0.1230306410568456,GATCTCATAGAGATC,((((((...))))))
TRINNN470,0.025,9e-06,-40.96597610986967,53.16680177368472,-2.0295884601525764,-0.1255405050772758,GATCTCTTCGAGATC,((((((...))))))
TRINNN512,0.025,9e-06,-32.8718160920812,47.23895193166043,-1.0505135799595022,-0.1025997179175292,GATCGAAAATCGATC,((((((...))))))
TRINNN520,0.025,9e-06,-36.26975298501041,52.04693084794988,-1.6782091504204464,-0.1115316583414153,GATCGAACATCGATC,((((((...))))))
TRINNN544,0.025,9e-06,-32.36667484583136,47.88403732479505,-1.0973294297299898,-0.1008200722750326,GATCGACAATCGATC,((((((...))))))
WC1025,0.025,3.2e-06,-40.03282303456417,55.36881524806925,-2.2383969990433665,-0.1218585395309392,GTTTTTGGAAACAAAAAC,(((((((....)))))))
WC1025,0.05,6.4e-06,-47.93141786186955,56.60881534717194,-2.850199231799244,-0.1453529538290192,GTTTTTGGAAACAAAAAC,(((((((....)))))))
WC1025,1.0,6.4e-06,-48.888726152007294,66.61036686317854,-4.260688585309194,-0.1438917864475193,GTTTTTGGAAACAAAAAC,(((((((....)))))))
WC1048,0.025,3.2e-06,-37.51756963571541,55.10245296059777,-2.0690174084030795,-0.1142948645085034,GTTTCTGAAAAGAAAC,((((((....))))))
WC1048,0.05,6.4e-06,-43.72167317767261,54.83634953822215,-2.377644820556786,-0.1333033317978907,GTTTCTGAAAAGAAAC,((((((....))))))
WC1048,1.0,6.4e-06,-41.58878203707262,66.41236250268383,-3.6023554680911296,-0.1224775965467725,GTTTCTGAAAAGAAAC,((((((....))))))
WC1106,1.0,6.4e-06,-46.73904212841255,68.97295105369469,-4.367976780469699,-0.1366147520488242,GTTCAAGGAAACTTGAAC,(((((((....)))))))
WC1154,0.025,3.2e-06,-39.88701554770296,55.75678194335159,-2.274662895604859,-0.1212714900922073,GTGAAAGGAAACTTTCAC,(((((((....)))))))
WC1154,0.05,6.4e-06,-50.37402359751676,58.78184841616734,-3.30561635272147,-0.1517601394318726,GTGAAAGGAAACTTTCAC,(((((((....)))))))
WC1154,1.0,6.4e-06,-48.37259377967967,68.7992628126555,-4.498365663600223,-0.1414613190910187,GTGAAAGGAAACTTTCAC,(((((((....)))))))
WC1203,0.025,6e-06,-24.876023993756704,57.494888882273806,-1.5419302240185149,-0.075234866257418,TGTATGAAAATACA,(((((....)))))
WC1272,0.025,9e-06,-26.765325326779298,58.03538225989018,-1.700011171137095,-0.0808167472372794,TGGGAGAAATCCCA,(((((....)))))
WC135,0.025,9e-06,-29.29601095198644,65.50220015712287,-2.465658771953553,-0.0865076646140025,AAGCTGAAAAGCTT,(((((....)))))
WC1375,0.025,3e-06,-48.03524335305016,60.7307216046387,-3.4141264034169594,-0.1438694726733297,GTCAGGGAAACCTGAC,((((((....))))))
WC1375,0.025,6e-06,-50.959516254052815,56.51437512505382,-3.0165319379615547,-0.1545799913464171,GTCAGGGAAACCTGAC,((((((....))))))
WC1375,0.025,9e-06,-43.407844682677776,59.82561934207022,-2.9767059095733353,-0.13035995090473781,GTCAGGGAAACCTGAC,((((((....))))))
WC1394,0.025,3.2e-06,-43.668569714646125,53.07702341314143,-2.1520615011456585,-0.1338594493422552,GTCTAAGGAAACTTAGAC,(((((((....)))))))
WC1394,0.05,6.4e-06,-49.6678544960907,56.24406247687882,-2.901725938312526,-0.150785518483889,GTCTAAGGAAACTTAGAC,(((((((....)))))))
WC1394,1.0,6.4e-06,-48.05021448473386,65.96962633772434,-4.104736650316959,-0.1416910457340541,GTCTAAGGAAACTTAGAC,(((((((....)))))))
WC1749,0.025,9e-06,-30.433161479682404,54.24963283627744,-1.6034253215982688,-0.0929541710723331,GTATCGAAAGATAC,(((((....)))))
WC1767,0.025,9e-06,-27.66426020788217,50.540491705265445,-1.157240312817749,-0.08546516168004,GTACTGAAAAGTAC,(((((....)))))
WC1785,0.025,9e-06,-32.86281259339174,55.692603221503845,-1.868041155656264,-0.0999347781323084,GTTACGAAAGTAAC,(((((....)))))
WC200,0.025,3.2e-06,-43.82815592826404,51.31316216134556,-1.9334074748431196,-0.1350789890485923,GATAAGGGAAACCTTATC,(((((((....)))))))
WC200,0.05,6.4e-06,-43.56047287593624,53.82860692741845,-2.2419267195799337,-0.1332211709055499,GATAAGGGAAACCTTATC,(((((((....)))))))
WC200,1.0,6.4e-06,-40.15345457666436,64.26522210898403,-3.244645723547535,-0.1190030915786452,GATAAGGGAAACCTTATC,(((((((....)))))))
WC2318,1.0,2e-06,-50.24023156790033,68.0777763117886,-4.575696314631253,-0.1472337103120073,GCAATAGGAAACTATTGC,(((((((....)))))))
WC2318,1.0,4e-06,-51.787338477191085,68.57118176156789,-4.784565790106722,-0.1515485174498931,GCAATAGGAAACTATTGC,(((((((....)))))))
WC2318,1.0,8e-06,-53.346868368127055,68.08916247822258,-4.860255330473384,-0.1563327842581127,GCAATAGGAAACTATTGC,(((((((....)))))))
WC28,0.025,9e-06,-32.95842947811899,48.62475422198567,-1.1906889437369093,-0.1024270209072451,GAAAGTGAAAACTTTC,((((((....))))))
WC510,0.025,9e-06,-44.47393947964329,62.64430237117648,-3.3964338989668112,-0.1324439967134499,AGGGGGAAACCCCT,(((((....)))))
WC578,0.025,3.2e-06,-42.75771819637119,57.8050673307176,-2.6879093079255143,-0.1291949343493331,GACAAAGGAAACTTTGTC,(((((((....)))))))
WC578,0.05,6.4e-06,-47.80026408617455,59.50400339179093,-3.233682126641497,-0.1436936384315107,GACAAAGGAAACTTTGTC,(((((((....)))))))
WC578,1.0,6.4e-06,-45.78967039814971,68.82148845965936,-4.260868280889483,-0.1338990879163638,GACAAAGGAAACTTTGTC,(((((((....)))))))
WC68,1.0,1e-06,-45.36110006854302,69.23631530523382,-4.270832854689921,-0.1324851433624152,GAATTGGGAAACCAATTC,(((((((....)))))))
WC68,1.0,4e-06,-45.12176939841906,69.84107159264866,-4.320366860628867,-0.1315537724900538,GAATTGGGAAACCAATTC,(((((((....)))))))
WC68,1.0,4.9999999999999996e-06,-41.313871812235206,71.43426810242423,-4.1284906770869645,-0.119894828744634,GAATTGGGAAACCAATTC,(((((((....)))))))
WC68,1.0,8e-06,-44.32361783622669,70.14260265877817,-4.279148583360923,-0.1291132331222498,GAATTGGGAAACCAATTC,(((((((....)))))))
WC68,1.0,9.999999999999999e-06,-45.232545122167565,70.01031143568937,-4.351145373614827,-0.1318117032034587,GAATTGGGAAACCAATTC,(((((((....)))))))
WC68,1.0,1.2e-05,-44.80239881956278,69.42215854178349,-4.240246737397675,-0.1307823700859748,GAATTGGGAAACCAATTC,(((((((....)))))))
WC788,0.025,3.2e-06,-44.08114488833269,55.004977427834,-2.4186133787413038,-0.1343302644191242,GTAATGGGAAACCATTAC,(((((((....)))))))
WC788,0.05,6.4e-06,-50.51017924789137,57.14552694546201,-3.080738593309889,-0.1529242000792567,GTAATGGGAAACCATTAC,(((((((....)))))))
