SEQID,is_hairpin,dG_37_uv,dH_uv,Tm_uv,dH,dH_se,dH_lb,dH_ub,Tm,Tm_se,Tm_lb,Tm_ub,dG_37,dG_37_se,dG_37_lb,dG_37_ub,dS,dS_se,dS_lb,dS_ub,fmax,fmax_se,fmax_lb,fmax_ub,fmin,fmin_se,fmin_lb,fmin_ub,two_state,dH_line,dH_se_line,Series,ConstructType,bottomScaffold,topScaffold,RefSeq,dH_NUPACK,dS_NUPACK,Tm_NUPACK,dG_37_ensemble_NUPACK,TargetStruct,dG_37_NUPACK,dG_37_ensemble_150mM_NUPACK,dG_37_ensemble_75mM_NUPACK,GC,Tm_NUPACK_salt_corrected,dG_37_NUPACK_salt_corrected,dH_NUPACK_salt_corrected,dS_NUPACK_salt_corrected
BC0,True,-2.8675448997820943,-24.417998433210307,78.26915701740859,,,,,,,,,,,,,,,,,,,,,,,,,,,,,,,,,,,,,,,,,,,,,
BNNN2110,True,-1.565965800507373,-35.38154650200772,51.36273702689401,-33.94588683029818,3.320568471423089,-47.620296173259504,-24.70498531796657,43.42574293461486,0.5999433033631567,41.90574453542639,45.83859298375086,-0.8602766062365945,0.056811144893122,-1.0736449240053676,-0.7002052370541666,-0.1066389742162273,0.0105809115760645,-0.1501109825426977,-0.07694954384983,0.814314061581788,0.0401207523762088,0.6936532934542406,0.9760338406508648,-0.0212106334513581,0.0113524658045135,-0.0612370230385229,0.0203635743659336,True,-12.4211551583077,0.6203351229719656,Bulges,NNN_5prime_bulge,GC,CG,GACGTACGAAAGTAGTC,-46.19999999999999,-0.1468966629050459,41.35680421422302,-1.89584138,(((.(((....)))))),-0.6400000000000006,-1.7112466543859162,-1.5334382646479952,47.05882352941177,31.53833417463767,0.8281543230569218,-46.19999999999999,-0.1468966629050459
BNNN3096,True,-1.9378446826136035,-41.1237671239158,52.33771545668979,-36.87205754059176,2.960295686295556,-50.08366649519579,-27.45701779671796,43.11855477091439,0.4696807738883734,41.82001626665066,45.09362454877596,-0.889491170102745,0.050866379459374,-1.1156116300487038,-0.7118864469208419,-0.1160746743684986,0.0094575864014401,-0.1582388314706706,-0.0861959000743865,0.8432746603896021,0.0350227682172157,0.7394997263547535,0.9873727704583126,-0.0249942454297706,0.0106568905998218,-0.066011582433224,0.0174232229362522,True,-11.10511027220171,0.8721383492370428,Bulges,NNN_5prime_bulge,GC,CG,GTACTCTCGAAAGAGTAC,-35.59999999999999,-0.1139771078510397,39.19342291371993,-4.58774975,(((..(((....)))))),-0.2500000000000004,-3.539808996597187,-3.12505455953092,44.44444444444444,29.257994798041693,0.9114024428282108,-35.59999999999999,-0.1139771078510397
BNNN8973,True,-2.8813913025205333,-38.74727833413429,61.91681055285287,-22.89723439139492,1.8528276476410328,-31.10011815318473,-17.387491868998367,39.50203410813544,0.5575584477239774,38.06471183592495,41.21995471853543,-0.3153001235313968,0.056369626298718,-0.5280239271254106,-0.1306559053580902,-0.0727290850937038,0.0060369569791969,-0.0998623722572081,-0.0548399777092739,0.7984845999082663,0.0301280641142098,0.7102221446675124,0.9001378159679321,0.0168345775081107,0.0124757994672146,-0.022957884356553,0.0624832576205665,True,-25.037838694762357,0.7225503158474724,Bulges,NNN_3primebulge,GC,CG,GCGAACGAAAGTTCACGC,-40.7,-0.1231662098984362,57.29777486910996,-3.75722356,((((((....)))..))),-2.5000000000000004,-3.2469714270156778,-2.9415708420131303,55.55555555555556,47.3835177191944,-1.3184554744176291,-40.7,-0.1231662098984362
HP003,True,-1.573719576401079,-35.130547240262764,51.54515103483492,,,,,,,,,,,,,,,,,,,,,,,,,,,,,,,,,,,,,,,,,,,,,
HP005,True,-2.1191743405804937,-56.82647626729113,49.01415347829711,,,,,,,,,,,,,,,,,,,,,,,,,,,,,,,,,,,,,,,,,,,,,
HP007,True,0.9094401030773338,-39.669744516389926,30.049075514589862,,,,,,,,,,,,,,,,,,,,,,,,,,,,,,,,,,,,,,,,,,,,,
HP008,True,-1.2036874631648082,-28.69805359094948,50.578187799110616,,,,,,,,,,,,,,,,,,,,,,,,,,,,,,,,,,,,,,,,,,,,,
HP009,True,-3.056780444508425,-38.77685513395269,63.54139060757484,,,,,,,,,,,,,,,,,,,,,,,,,,,,,,,,,,,,,,,,,,,,,
HP010,True,-0.9850936782849216,-34.73061979215581,46.05384622806292,,,,,,,,,,,,,,,,,,,,,,,,,,,,,,,,,,,,,,,,,,,,,
HP015,True,-1.4150043594096124,-29.43113920186355,52.66467339405662,,,,,,,,,,,,,,,,,,,,,,,,,,,,,,,,,,,,,,,,,,,,,
HP018,True,-2.8747001202529656,-38.331193412831816,62.14597918466652,,,,,,,,,,,,,,,,,,,,,,,,,,,,,,,,,,,,,,,,,,,,,
HP022,True,-1.6391275839277712,-37.78910822261229,51.06295138125689,,,,,,,,,,,,,,,,,,,,,,,,,,,,,,,,,,,,,,,,,,,,,
HP029,True,-3.840345412647769,-38.86136193514357,71.0105241938826,,,,,,,,,,,,,,,,,,,,,,,,,,,,,,,,,,,,,,,,,,,,,
HP038,True,-1.006419157106755,-36.49797562137377,45.79479325993843,,,,,,,,,,,,,,,,,,,,,,,,,,,,,,,,,,,,,,,,,,,,,
HP039,True,-1.3746596006883354,-31.989176416657777,50.92642182518753,,,,,,,,,,,,,,,,,,,,,,,,,,,,,,,,,,,,,,,,,,,,,
MMCNN112,True,-1.8482627451675324,-38.87587907843698,52.48138247016059,-29.39624801017539,2.1550138858469725,-38.85112685257658,-22.616863277334744,33.523030246134,0.5309233716043874,32.10166681530341,35.34424029173044,0.3685311563060942,0.0661264998483191,0.1376853736397031,0.5756850245917432,-0.0962642863094767,0.0070994230820675,-0.1272808334564316,-0.0737043748176469,0.885855775509363,0.0346011802383197,0.7899447868140881,1.0232594885208677,-0.0197365131335538,0.0169861629625761,-0.0835611158320113,0.0421536615728934,True,-28.992108676505985,0.8531377726193737,MisMatches,Centered,CGCG,CGACC,CGGCTCGGAAACGACCCG,-38.99999999999999,-0.1129775914879896,72.05119863013704,-4.19825011,(((.(((....))).))),-3.96,-3.3230490300225086,-2.9881782775843613,72.22222222222223,63.20089836518554,-3.0380029939233304,-38.99999999999999,-0.1129775914879896
MMCNN112,True,-2.6008638983974115,-47.022541517159134,55.15910567383122,-29.39624801017539,2.1550138858469725,-38.85112685257658,-22.616863277334744,33.523030246134,0.5309233716043874,32.10166681530341,35.34424029173044,0.3685311563060942,0.0661264998483191,0.1376853736397031,0.5756850245917432,-0.0962642863094767,0.0070994230820675,-0.1272808334564316,-0.0737043748176469,0.885855775509363,0.0346011802383197,0.7899447868140881,1.0232594885208677,-0.0197365131335538,0.0169861629625761,-0.0835611158320113,0.0421536615728934,True,-28.992108676505985,0.8531377726193737,MisMatches,Centered,CGCG,CGACC,CGGCTCGGAAACGACCCG,-38.99999999999999,-0.1129775914879896,72.05119863013704,-4.19825011,(((.(((....))).))),-3.96,-3.3230490300225086,-2.9881782775843613,72.22222222222223,63.20089836518554,-3.0380029939233304,-38.99999999999999,-0.1129775914879896
MMCNN124,True,-5.374763187390419,-70.53408285498163,62.583183051529886,-17.510033445116644,1.5626334649284312,-24.103160322326808,-12.709003394615747,42.600818237561626,0.9089399371478376,40.384749225872696,45.26721659221317,-0.4726725359643599,0.0709923359460039,-0.7392497575175174,-0.2665872944430421,-0.0555553226527976,0.0052080978109201,-0.0772351888916779,-0.0394047226488862,0.8729214165026027,0.0486682342153578,0.7578281382674278,1.0529112918524397,-0.0057549855915658,0.0146539953923731,-0.0575541646817946,0.0496855873236813,True,-32.167347381869575,1.1564006013854586,MisMatches,Centered,CGCG,CGCCC,CGGCGCGGAAACGCCCCG,-42.09999999999999,-0.1179106883765919,83.8999042931365,-5.69767681,(((.(((....))).))),-5.529999999999999,-4.759624604934984,-4.384207674474281,83.33333333333333,75.8452893870172,-4.685984977235229,-42.09999999999999,-0.1179106883765919
MMCNN151,True,-1.8357356788283972,-38.72227862569847,52.43526108176366,-38.66867602191355,2.402233055113631,-49.830478975633085,-31.8244688805496,46.90901146750491,0.3545749137835969,45.92182756457792,47.86665544422873,-1.4003231972125014,0.0572633939926947,-1.607177543340035,-1.204612371530022,-0.1201804134095384,0.0075975495095461,-0.1556089550755764,-0.0986787141425832,0.8163285573234735,0.027879108224934,0.7148341849038533,0.8837963175879798,-0.0493059456890632,0.0091792119846956,-0.0875530073125682,-0.0197801740790575,True,-24.874727528309904,1.503134055430377,MisMatches,Centered,CGCG,CGTTG,CGCTACGGAAACGTTGCG,-49.29999999999998,-0.139416411413832,80.46690564292322,-6.11595866,(((.(((....))).))),-6.0600000000000005,-4.955063855082647,-4.516780083525575,61.11111111111112,69.81748043465927,-4.717362075781228,-49.29999999999998,-0.139416411413832
MMCNN20,True,-1.3350691999093525,-40.86556871973204,47.474740197609904,-43.5723388498951,3.1016559368464214,-56.10704845456612,-37.05411792777737,41.47196062733964,0.2386947565689847,41.0019273613298,42.0167923476392,-0.8469505116465958,0.0706634626835915,-1.0621713972996871,-0.6576072683741498,-0.1379651209640142,0.0098508463787853,-0.1777752081015036,-0.117175640732677,0.6861741534287482,0.0239027067441139,0.6371584021668063,0.7642899151629227,-0.0640351295244929,0.0101363036459296,-0.0894876489163327,-0.0356474175369503,True,-29.509748382500533,1.3614467912373005,MisMatches,Centered,CGCG,CGAGT,CGATTCGGAAACGAGTCG,-42.69999999999999,-0.1262614863775592,65.03705311542393,-4.95713228,(((.(((....))).))),-3.54,-3.024191301058678,-2.7391702556105453,55.55555555555556,54.66025400011921,-2.3003943183693565,-42.69999999999999,-0.1262614863775592
MMCNN20,True,-2.001098554489408,-45.90203243134822,51.13730100630147,-43.5723388498951,3.1016559368464214,-56.10704845456612,-37.05411792777737,41.47196062733964,0.2386947565689847,41.0019273613298,42.0167923476392,-0.8469505116465958,0.0706634626835915,-1.0621713972996871,-0.6576072683741498,-0.1379651209640142,0.0098508463787853,-0.1777752081015036,-0.117175640732677,0.6861741534287482,0.0239027067441139,0.6371584021668063,0.7642899151629227,-0.0640351295244929,0.0101363036459296,-0.0894876489163327,-0.0356474175369503,True,-29.509748382500533,1.3614467912373005,MisMatches,Centered,CGCG,CGAGT,CGATTCGGAAACGAGTCG,-42.69999999999999,-0.1262614863775592,65.03705311542393,-4.95713228,(((.(((....))).))),-3.54,-3.024191301058678,-2.7391702556105453,55.55555555555556,54.66025400011921,-2.3003943183693565,-42.69999999999999,-0.1262614863775592
MMCNN70,True,-1.6199359729942997,-39.43354120286912,50.28683522689446,-39.12255760834861,2.755928713417207,-50.87251368420299,-30.36956949950356,43.8631186650784,0.2867545780139311,43.0962187128894,44.66774942876589,-1.240904131519991,0.07085499773345,-1.5033376844709887,-0.9790132557253094,-0.1223305383802454,0.0087642856366627,-0.1598785817104643,-0.0948849530511037,0.7561678525709002,0.0314827501389858,0.633958063608485,0.8300296375665338,-0.0633299352112889,0.0102664313884111,-0.0966909071364421,-0.0236891405856257,True,-25.378299451424105,0.866263947542554,MisMatches,Centered,CGCG,CGATA,CGTGTCGGAAACGATACG,-42.899999999999984,-0.1264549411575043,66.10127485976545,-5.31322201,(((.(((....))).))),-3.68,-3.014156760467668,-2.710071863626345,55.55555555555556,55.660072826418286,-2.4345882027645285,-42.899999999999984,-0.1264549411575043
MMCNN70,True,-2.3373538938009415,-52.104935644537065,51.566315755368976,-39.12255760834861,2.755928713417207,-50.87251368420299,-30.36956949950356,43.8631186650784,0.2867545780139311,43.0962187128894,44.66774942876589,-1.240904131519991,0.07085499773345,-1.5033376844709887,-0.9790132557253094,-0.1223305383802454,0.0087642856366627,-0.1598785817104643,-0.0948849530511037,0.7561678525709002,0.0314827501389858,0.633958063608485,0.8300296375665338,-0.0633299352112889,0.0102664313884111,-0.0966909071364421,-0.0236891405856257,True,-25.378299451424105,0.866263947542554,MisMatches,Centered,CGCG,CGATA,CGTGTCGGAAACGATACG,-42.899999999999984,-0.1264549411575043,66.10127485976545,-5.31322201,(((.(((....))).))),-3.68,-3.014156760467668,-2.710071863626345,55.55555555555556,55.660072826418286,-2.4345882027645285,-42.899999999999984,-0.1264549411575043
MMCNN88,True,-2.045290676183916,-36.395053338501896,55.4672863522963,-23.721160853938976,1.4395365962983202,-29.418826838583303,-19.94787960740452,30.517163271392008,0.6893060023111055,28.40977394291638,32.94415948511182,0.4914107692926333,0.0720525242049581,0.2477911362541291,0.7374396076041566,-0.0782627027196458,0.0048018563839178,-0.0970975527301027,-0.065174289255916,0.9507062757509956,0.0305371507891996,0.8449068162413998,1.0551362561620703,-0.0650606666895673,0.0149323006450608,-0.1156015951109194,-0.0144487044822111,True,-27.399151940665888,0.7978656178933393,MisMatches,Centered,CGCG,CGGCA,CGTCCCGGAAACGGCACG,-32.999999999999986,-0.0922779300338545,84.46530398322858,-4.58636604,(((.(((....))).))),-4.379999999999999,-3.7624056753714346,-3.441444963124343,72.22222222222223,74.97575932329028,-3.599848687165899,-32.999999999999986,-0.0922779300338545
MMCNN88,True,-0.8624301633010212,-18.34611547257468,52.29898933870277,-23.721160853938976,1.4395365962983202,-29.418826838583303,-19.94787960740452,30.517163271392008,0.6893060023111055,28.40977394291638,32.94415948511182,0.4914107692926333,0.0720525242049581,0.2477911362541291,0.7374396076041566,-0.0782627027196458,0.0048018563839178,-0.0970975527301027,-0.065174289255916,0.9507062757509956,0.0305371507891996,0.8449068162413998,1.0551362561620703,-0.0650606666895673,0.0149323006450608,-0.1156015951109194,-0.0144487044822111,True,-27.399151940665888,0.7978656178933393,MisMatches,Centered,CGCG,CGGCA,CGTCCCGGAAACGGCACG,-32.999999999999986,-0.0922779300338545,84.46530398322858,-4.58636604,(((.(((....))).))),-4.379999999999999,-3.7624056753714346,-3.441444963124343,72.22222222222223,74.97575932329028,-3.599848687165899,-32.999999999999986,-0.0922779300338545
MMCNNN2336,True,-3.542451569222904,-51.03930392752075,60.13187715906693,-50.84078346414987,6.697063775546291,-65.65701277123289,-40.24247042318013,50.53953241838974,0.8248322917587684,49.44111374725179,52.61491678289116,-2.1647124759434906,0.2173246943365553,-2.5828460301251948,-1.866140739862718,-0.1568914911313293,0.0209517423391355,-0.2033681789176664,-0.1236862701714976,0.7482064126024637,0.0691827315648519,0.644295059408781,0.9193733057490234,-0.0221053840336956,0.0138539466589391,-0.0429106975926211,0.0082200700623966,True,-25.95753907748028,1.738633024862427,MisMatches,Centered,GC,CG,GCATAGCGAAAGCTGTGC,-42.09999999999999,-0.1234563920683539,67.86109950378693,-5.5032863,(((.(((....))).))),-3.810000000000001,-3.42364629231499,-3.132986887530091,55.55555555555556,57.31297562206959,-2.5878126651838387,-42.09999999999999,-0.1234563920683539
MMCNNN2337,True,-3.366927775418626,-41.39060956157777,64.46321767099899,-44.7896460627846,4.6906092001123065,-54.50477463680161,-36.1192385368611,50.372555263291645,0.8075220099049775,49.24499263270821,51.945722484685234,-1.8733690579790083,0.1436851280764453,-2.130996205742203,-1.6192776636343955,-0.1385279849081131,0.0147252557183769,-0.1687456399726303,-0.1105356154610274,0.7295876690976226,0.0524217973669195,0.6682359690436503,0.8748832248903256,-0.0228454548887285,0.0129306782123874,-0.0515415602988295,-0.0003375429082982,True,-32.53966848535793,3.7500007648223534,MisMatches,Centered,GC,CG,GCAGAGCGAAAGCTATGC,-42.09999999999998,-0.118426567789779,82.3445548597877,-5.474441,(((.(((....))).))),-5.370000000000001,-4.386260574594799,-3.9735846095374128,55.55555555555556,70.89644150830338,-4.147812665183841,-42.09999999999998,-0.118426567789779
MMTM176,True,-2.333759698491794,-33.259669562155885,60.40482701004263,-23.13839375540161,2.982407104155589,-35.597798004676584,-16.486689019394642,51.05641700341938,1.5186790493571098,46.4813434637621,56.17051022401649,-1.0288077348136215,0.1294017469148961,-1.5495316152408347,-0.6847806946718079,-0.0713891971242595,0.0093428949506229,-0.1101219132039713,-0.0507007177717552,0.9523074024257197,0.0698577960924279,0.7282160960163931,1.1781947617743285,-0.0522975592751377,0.0194317760098041,-0.111098402074136,0.0095578286676262,True,-16.407157226927087,0.4350006182791613,MisMatches,3mer,GCGC,GCGC,GCATAGCGAAAGCAATGC,-37.69999999999998,-0.1077220699661453,76.82470817120623,-4.532504846811918,((((.((....)).)))),-4.290000000000001,-3.396515250318287,-3.0170399907128704,50.0,65.05991810414508,-3.127817535500313,-37.69999999999998,-0.1077220699661453
MMTM177,True,-2.902269381027179,-47.12422671283749,57.355020511000326,,,,,,,,,,,,,,,,,,,,,,,,,,,,,,,,,,,,,,,,,,,,,
TETNN1015,True,-0.1386212897464783,-29.56234900777672,38.46118103820423,,,,,,,,,,,,,,,,,,,,,,,,,,,,,,,,,,,,,,,,,,,,,
TETNN975,True,-0.047036207398829,-48.34949208621507,37.30201942032402,,,,,,,,,,,,,,,,,,,,,,,,,,,,,,,,,,,,,,,,,,,,,
TETNNN1262,True,-0.5652427059245775,-46.00239224631893,40.85829716467258,-45.89203965923196,3.904359849559441,-61.32929679844416,-34.81656935619839,44.26126192657652,0.3416702750571075,43.07810712833899,45.271469958158,-1.4188128384766876,0.0831028142448273,-1.7402507321725236,-1.1256224386042166,-0.1437278957792583,0.0124056992283793,-0.1929106538639818,-0.1085086489774404,0.7434218075059957,0.0289199219577056,0.6673938176740895,0.8587435225938924,-0.0395786805228666,0.010214915755809,-0.078273138666015,-0.0029244345114418,True,-35.913795214499125,1.951164558573288,TETRAloop,NNN,GATCGATC,,GATCTAGCGCTAGATC,-44.59999999999999,-0.1346445268418507,58.0925766283525,-3.17293126,((((((....)))))),-2.8400000000000007,-2.334647087208216,-1.9695565077153483,50.0,47.534488317971466,-1.4651104000879018,-44.59999999999999,-0.1346445268418507
TETNNN1390,True,-0.3959555726882739,-28.75525620014533,41.33034729884591,-32.41685415382616,3.648549307245264,-46.06567167244153,-23.78965470726107,34.175683897616146,0.6355662536005265,32.25462229352118,36.35396899892158,0.3176362174147168,0.0729281484728619,0.0932951625524361,0.5342224045169287,-0.1050619300113079,0.0118540873096915,-0.1492616763533711,-0.0769770350024916,0.8968934783552843,0.0345541570571733,0.7845097257159204,1.00125316469382,-0.0411380115871664,0.0166388137734289,-0.1016001098013427,0.0186066531913508,True,-26.589501685576565,0.9063596266122744,TETRAloop,NNN,GATCGATC,,GATCTTTCGCAAGATC,-40.69999999999999,-0.122972755118491,57.81761929732562,-2.97678092,((((((....)))))),-2.5600000000000005,-2.2612064053574854,-1.9559785665941327,43.75,46.60909030115238,-1.2230769573699016,-40.69999999999999,-0.122972755118491
TETNNN1511,True,-0.201142213575103,-35.902721809401584,38.74738087912534,-31.355825433884053,2.996774938488025,-45.45123843152663,-22.57184051630395,33.85817828244799,0.3987917172162736,32.823817643813186,34.92204213203369,0.4059347191827174,0.0694496187638674,0.1769353511788826,0.6483295189338971,-0.1022035638363577,0.0098417120028683,-0.1483496453396909,-0.0730059857342652,0.8551018594502283,0.0295253993802958,0.7530177096422375,0.9624222672021828,-0.0362238113379378,0.0185674937283642,-0.097737615417783,0.0282322978952823,True,-17.32881491182226,1.091901302431095,TETRAloop,NNN,GATCGATC,,GATCTTGCTGAAGATC,-40.79999999999999,-0.122972755118491,58.63080755112742,-3.0394513,((((((....)))))),-2.6600000000000006,-2.231024732838825,-1.8817163420040424,43.75,47.36806928179556,-1.3197921341693428,-40.79999999999999,-0.122972755118491
TETNNN1570,True,-0.8638774983759158,-31.01405973615468,45.88656672149618,-34.707488008144146,2.766972313300186,-47.64717500420584,-26.882296769886416,36.7883251299108,0.3866749028273691,35.51345775263461,38.081507523818175,0.0215978614611394,0.0524746024133436,-0.1400304819703602,0.2183164644364492,-0.1124788235926369,0.0089965813464893,-0.1546955888375902,-0.0869311381120411,0.9143125647788348,0.0330972367903296,0.8039185126323062,1.0379301358485868,-0.0406328557173135,0.0144078876501438,-0.0820293521469679,0.020003524760567,True,-33.35898511067446,1.167256559131866,TETRAloop,NNN,GATCGATC,,GATCTGACACCAGATC,-43.89999999999999,-0.1305497339996775,63.12031365769332,-3.71848424,((((((....)))))),-3.410000000000001,-2.859051379781588,-2.4790519997770226,50.0,52.24454454798763,-2.056689384839891,-43.89999999999999,-0.1305497339996775
TETNNN1696,True,-0.594910684881767,-25.233866541518456,44.48861071831417,-38.32579994329222,3.502270844234449,-53.02376594712535,-28.868759462980368,40.60573190859528,0.433321876612051,39.60282001251037,41.89128503082746,-0.4278002786388005,0.0534290162305194,-0.5988196164774788,-0.2567253955057847,-0.1220630044553383,0.0112231100531736,-0.1692144455283242,-0.0917804198233159,0.90336045761739,0.0393157124631033,0.80325161965536,1.03491886867977,-0.0104142638300595,0.0188982008106357,-0.066428622909089,0.0570879182370907,True,-35.48062017323453,0.9820333005958994,TETRAloop,NNN,GATCGATC,,GATCTGCCAACAGATC,-42.69999999999998,-0.1257133645010478,66.51157989228005,-4.00051606,((((((....)))))),-3.710000000000001,-3.131158434210621,-2.7451046467459617,50.0,55.418959760664734,-2.3936819301289938,-42.69999999999998,-0.1257133645010478
TETNNN1847,True,-0.4728119703731672,-28.837500677717884,42.16990100347078,-40.870014079344536,4.125097410352106,-55.435014576733934,-30.09755598876717,43.26311529311676,0.4632069237313542,42.19349893564674,44.83703918538799,-0.9045629301938186,0.075324584173782,-1.1342042572285749,-0.7019953305824773,-0.1286192570847045,0.0130940093172116,-0.1748859503757931,-0.0941084536012833,0.8632709134288585,0.0438931382404905,0.7382570482246612,1.02156570623603,-0.0221325589320349,0.0130800716624113,-0.0636935089096568,0.012899651485804,True,-39.29482444619055,1.731820621269955,TETRAloop,NNN,GATCGATC,,GATCTCAGTGGAGATC,-42.6,-0.1261970014509108,64.41745017884517,-3.76597165,((((((....)))))),-3.4600000000000004,-2.9060523338393303,-2.525960852557525,50.0,53.45898153512826,-2.1467646422364264,-42.6,-0.1261970014509108
TETNNN1848,True,-0.6140669864261455,-21.18632880724424,46.25775092203721,-31.896905374888423,2.7284143751910594,-44.81831127973352,-25.248016201305,48.8735608907978,0.905358200909214,45.32099429182165,52.40339603184944,-1.1484352966913118,0.0558068597642997,-1.349082479561601,-0.9527759210006832,-0.0990879758102285,0.0087328826413845,-0.1404725020592753,-0.0778199728681703,0.9740693949266706,0.0634768129224188,0.7463324759898081,1.2249185811391503,-0.0637474684104387,0.0135036806969402,-0.1049870652373778,-0.0090132569825071,True,-30.40527633491528,0.8558347131159565,TETRAloop,NNN,GATCGATC,,GATCTCAGCAGAGATC,-42.99999999999999,-0.1252297275511849,70.21894953656022,-4.43678912,((((((....)))))),-4.16,-3.56134318530832,-3.171317796267146,50.0,58.88689776302971,-2.834433793806717,-42.99999999999999,-0.1252297275511849
TETNNN2099,True,-1.0525062807667285,-26.51248270429947,49.821489601933656,-31.602603434062896,3.190878127734415,-44.67304179293112,-24.28403211131592,38.13283482228823,0.5431376232709756,36.99193858837148,40.04612539996194,-0.1493414868690464,0.0618733498643341,-0.362022206076303,0.0160077510160395,-0.1017160858259732,0.0104143610007876,-0.144532594138366,-0.0776772754419088,0.8827914048905238,0.0418957935380127,0.7753913801081975,1.0524124771519214,-0.0076013093368212,0.0172480096083437,-0.0636758578646458,0.0411200734217795,True,-28.241162676058323,2.011146922327306,TETRAloop,NNN,GATCGATC,,GATCGAAGAGTCGATC,-44.69999999999998,-0.1313880380461066,67.06361963190187,-4.28379757,((((((....)))))),-3.95,-3.4333670864920194,-3.055298339074105,50.0,55.93550398103423,-2.5720276879804778,-44.69999999999998,-0.1313880380461066
TETNNN2253,True,-0.2601718212800221,-32.63569826748277,39.49238542897776,-36.66744176613658,2.866880289900091,-49.048334145231614,-28.60070170072945,41.11779301192697,0.3972682114830737,39.9349320125129,42.35257956884246,-0.6597327429397726,0.0490457711237832,-0.8275513296169851,-0.49196628133024,-0.1167124361942508,0.009287456642622,-0.1566357825983115,-0.0908395769192901,0.8010423755518089,0.0335740498547816,0.6984273598333749,0.9292568417913863,-0.0343425377586739,0.0114144153304132,-0.0743535985980679,0.0095720507665963,True,-21.74617011899616,1.1567610082382227,TETRAloop,NNN,GATCGATC,,GATCGAGAGTTCGATC,-45.3,-0.1333225858455586,66.62738814993958,-4.28249249,((((((....)))))),-3.95,-3.4262961650333144,-3.044861514367308,50.0,55.52732622574041,-2.553531415335921,-45.3,-0.1333225858455586
TETNNN3186,True,-1.3170443994003054,-35.63521639752897,48.90277036015435,-35.47425709014693,3.43717348062915,-51.240447970235714,-27.81310757087332,39.232588313908735,0.451357303116139,37.98551513294949,40.62737522921793,-0.2836941908227517,0.0578337527921521,-0.4895451392965824,-0.0985110248403698,-0.114001415014247,0.0111160982275874,-0.1649090016287356,-0.0891962143434224,0.9025819395322568,0.0414277050647925,0.7706567446648738,1.0137893359409658,-0.0156341101010387,0.0156811543842401,-0.0668226247358296,0.0271099256638629,True,-25.411222535454147,0.6353743670305368,TETRAloop,NNN,GATCGATC,,GATCCATGACTGGATC,-42.89999999999998,-0.1268096082540705,65.1524408848208,-3.91004871,((((((....)))))),-3.5700000000000003,-3.059558261208281,-2.6818692449640475,50.0,54.14697810308888,-2.247516505914147,-42.89999999999998,-0.1268096082540705
TETNNN3276,True,-1.418023110371379,-34.87863892828645,50.1438067390921,-34.45450852555163,3.758141543513683,-49.97574046788581,-23.80458468747504,42.96582982272044,0.7104127861296733,41.08510738582924,46.021496032969566,-0.6235177808600281,0.0600765109375643,-0.8290054107995709,-0.4295577685689623,-0.1088444262192665,0.0120311864238902,-0.1587498595125596,-0.0745913446250642,0.8750873794919646,0.0557763736359388,0.725304502100063,1.144772326331476,-0.0316965087726014,0.0147624162151258,-0.0762026981816612,0.0242862470932114,True,-23.53916724007415,0.7849988653117566,TETRAloop,NNN,GATCGATC,,GATCCAGAGATGGATC,-43.89999999999997,-0.1255199097211026,76.5953120986386,-5.23876145,((((((....)))))),-4.970000000000001,-4.355866089011983,-3.9610201519269577,50.0,64.84568089311767,-3.616689384839877,-43.89999999999997,-0.1255199097211026
TETNNN449,True,-1.94575265659004,-41.229554155967634,52.36193452283284,-46.81023839960934,3.161773116013254,-59.04631305425473,-34.77446631080996,45.16465864105663,0.4010734187077035,44.0904020863457,46.94199008304979,-1.238602408814525,0.0704117898650574,-1.5241580407146351,-1.03253112872666,-0.1467255828053316,0.0100317764667059,-0.1855148935816585,-0.1083998096484752,0.8038630424642009,0.0339616290828307,0.6893754623161993,0.939811846399728,-0.0592538921684799,0.0107597565482477,-0.0994614998772552,-0.0201925989255201,True,-22.866602163761076,0.7211561799308098,TETRAloop,NNN,GATCGATC,,GATCATGAATATGATC,-41.6,-0.1250685152345639,59.46768497035316,-3.18269528,((((((....)))))),-2.8100000000000005,-2.360707435367293,-2.002031767661804,31.25,46.809188184220886,-1.2753571190730764,-41.6,-0.1250685152345639
TETNNN615,True,-0.0359625901401974,-34.81756998027115,37.32068090490685,-41.60680071236115,3.15096869066546,-55.82335780802823,-32.751111073455085,43.365606452787496,0.3276901885594762,42.44743440048767,44.219047751524975,-1.0605651587816212,0.0653494795030677,-1.331384701595816,-0.8533119290451799,-0.1311401605805532,0.0100563690936753,-0.1766342308612677,-0.1028065538271467,0.8375531547881022,0.0356260070590657,0.6989600195635156,0.9407987685399108,-0.0612615048120341,0.0127297641995989,-0.1079225188860927,-0.0079362348713597,True,-26.506178224061184,1.5896753051855412,TETRAloop,NNN,GATCGATC,,GATCAGTCTGCTGATC,-44.4,-0.1315170078994035,64.44892130424125,-3.91584802,((((((....)))))),-3.6100000000000008,-3.059908851300965,-2.68144883432324,50.0,53.48844243982637,-2.241275824302757,-44.4,-0.1315170078994035
TETNNN621,True,-0.3516939849920103,-25.90567133908035,41.26852884519051,-36.530742236352346,3.9956367998471376,-55.45013221984797,-26.182451363498075,42.926387394201925,0.5187824434668168,41.4301120052734,44.67302212409622,-0.8452562671783397,0.0641757743516852,-1.1003867832311351,-0.6421993486788364,-0.1151689908826062,0.0127956577519161,-0.1759583780053793,-0.082000178637533,0.8854836087735942,0.0482322973545402,0.7160110128489473,1.0729267342511362,-0.0452544536733127,0.0143504707330472,-0.0964338261001303,0.0089574212975702,True,-23.26966557924016,0.6747505068309642,TETRAloop,NNN,GATCGATC,,GATCAGTCGTCTGATC,-45.99999999999999,-0.1366758020312751,63.412868601085165,-3.91476185,((((((....)))))),-3.6100000000000008,-3.052501249795746,-2.670119228304249,50.0,52.51847398057112,-2.1919524305839277,-45.99999999999999,-0.1366758020312751
TETNNN707,True,-0.4379022329890196,-24.96321238113464,42.53776391577313,-34.218804079641835,2.7093376330691905,-46.43896661640844,-26.38814949194029,44.51477128397752,0.5671976002122134,42.7968062476891,46.37256010114779,-0.8530272184318854,0.0473976083650765,-1.020136414949548,-0.7032252945798987,-0.1074432197928202,0.0086792876156238,-0.1466779076962814,-0.0823541438747304,0.9297154253908132,0.0446241914861318,0.7618149448179632,1.0601532874856054,-0.0422179363490017,0.0119105441761265,-0.0800636849891069,0.0062527194816339,True,-23.369223936473094,0.9535815056275122,TETRAloop,NNN,GATCGATC,,GATCAGGAAGCTGATC,-45.2,-0.1337739803320973,64.73334538442998,-4.00849992,((((((....)))))),-3.710000000000001,-3.142387920048764,-2.7577995054259867,50.0,53.754690820398935,-2.316614127443338,-45.2,-0.1337739803320973
TETNNN757,True,-0.4037112425019104,-30.827403517705623,41.11557679223628,-42.12577537212546,3.713279823301872,-54.80108219890487,-30.67564329410204,41.417042338166,0.4381832639176573,40.387491709571485,42.98048757242407,-0.6698230281309575,0.0584987335634607,-0.8585805311211412,-0.501461937289423,-0.1334363742051029,0.0119145637467064,-0.174348041410215,-0.096827639376796,0.8363172379978103,0.0357137957616352,0.7488958530834925,0.9409401144854076,-0.0317802611095444,0.0138607839267772,-0.0765677049596707,0.0083046395059975,True,-18.19136702177138,2.975658033661,TETRAloop,NNN,GATCGATC,,GATCAGGGTTCTGATC,-43.6,-0.1292600354667096,64.15456472935892,-3.82202297,((((((....)))))),-3.5100000000000007,-2.96127091706916,-2.579638666324134,50.0,53.21288094865292,-2.1659375211621628,-43.6,-0.1292600354667096
TRINNN162,True,-1.6736088880463864,-39.55956123869955,50.72529266780095,-31.072883833170724,2.7846862115279403,-42.91123999223085,-23.46902835549534,38.95961959953007,0.5437937571544977,37.29707656313443,40.90669700736108,-0.3020591494455119,0.053776282604559,-0.4747138353716967,-0.0962815876405238,-0.0988456888820253,0.0090250405029295,-0.1375071205233765,-0.0744660922022299,0.9141503530467924,0.0433182830769819,0.753168884300989,1.0698328698738404,-0.0293041438011602,0.0141458982882058,-0.0844557262178251,0.0202474112808721,True,-16.81661153077241,3.301406987179169,TRIloop,NNN,GATCGATC,,GATCAGCACCTGATC,-39.9,-0.1199097211026922,59.60033611185804,-3.36906006,((((((...)))))),-2.710000000000001,-2.6072112221311032,-2.2667917773100177,53.333333333333336,49.30843324389826,-1.5230071097569389,-39.9,-0.1199097211026922
TRINNN445,True,-0.9925597673758352,-34.880207759689576,46.0842070810414,-35.887843716354006,3.281616591215981,-49.49499696090205,-25.671614503376656,39.21058812926517,0.4165589870856646,37.98617873102697,40.64407059526006,-0.3002849276903697,0.04897062237095,-0.4906995039578782,-0.1201646190619353,-0.1150407433392647,0.0106015482103021,-0.1591595181338809,-0.0819944642437461,0.8650732348333683,0.0370098047884978,0.7515471425285762,0.99410736813701,-0.0261823891208206,0.0137102469462319,-0.0748098181977075,0.0275599121677966,True,-29.85421322871302,1.500988550101042,TRIloop,NNN,GATCGATC,,GATCTGGGTCAGATC,-39.89999999999999,-0.1199097211026922,59.60033611185804,-3.29726601,((((((...)))))),-2.710000000000001,-2.5184325480747174,-2.1723428765403314,53.333333333333336,49.30843324389826,-1.5230071097569384,-39.89999999999999,-0.1199097211026922
TRINNN452,True,-1.899897741461544,-40.05785106524223,52.44247615993242,-38.26570679973115,2.9968019840432327,-50.20719203031192,-28.157530710605112,45.87423958515367,0.4295077273871214,44.867276085582624,47.2944533906628,-1.2780465679832935,0.083048635120842,-1.58015302067349,-0.975583284855385,-0.1192877493458415,0.0094917864562867,-0.1577597024111331,-0.0874905210084898,0.8443479497757596,0.0458762163668845,0.6841786330923567,1.0128468820320824,-0.0523389684850252,0.0114065898619215,-0.0892136326211976,-0.0049055657951035,True,-23.47101851567165,0.9990071543787692,TRIloop,NNN,GATCGATC,,GATCTCATAGAGATC,-39.6,-0.1194260841528292,58.43585313174947,-3.22026474,((((((...)))))),-2.5600000000000005,-2.483851074796859,-2.156781043698962,40.0,46.78540548647044,-1.211188416846278,-39.6,-0.1194260841528292
TRINNN470,True,-2.0295884601525764,-40.96597610986967,53.16680177368472,-36.85507962456465,2.8880994611287782,-48.464503461754894,-28.574568371164872,46.09526685869396,0.4968053623226533,44.76548504116533,47.79518803807338,-1.3661066371496504,0.0740433235036468,-1.6804226625006942,-1.122843988675056,-0.1147901934048903,0.0091758185660889,-0.1512074534154492,-0.0884659593371344,0.8308438973618345,0.0480946633483183,0.6779340644036148,1.016143120710586,-0.0683439986593504,0.0091813381139842,-0.101870472005618,-0.034568843557569,True,-15.645838183322084,0.5714915631691366,TRIloop,NNN,GATCGATC,,GATCTCTTCGAGATC,-39.6,-0.1194260841528292,58.43585313174947,-3.21682042,((((((...)))))),-2.5600000000000005,-2.4703851299604564,-2.1381544381438307,46.66666666666666,47.498486029471565,-1.296560142588239,-39.6,-0.1194260841528292
TRINNN512,True,-1.0505135799595022,-32.8718160920812,47.23895193166043,-29.86953977229355,2.9134623717866908,-42.10157636836417,-20.311399739682628,38.29980371732248,0.4563104775872765,37.1418639241712,39.55549126642055,-0.1854151720420302,0.0545946845631147,-0.3847913007111884,0.0073690259790599,-0.0956735154069414,0.0094574256439276,-0.1354005061083593,-0.0644638771721778,0.920226629059474,0.0529566065217007,0.7652896183098659,1.0990897382298996,-0.0371202119363651,0.0166741288832889,-0.0894382843362308,0.0180365983154659,True,-30.88808353854156,1.144951931181731,TRIloop,NNN,GATCGATC,,GATCGAAAATCGATC,-40.2,-0.1186522650330485,65.6551630434783,-4.06477993,((((((...)))))),-3.4000000000000004,-3.293945742841773,-2.9454491795715545,40.0,53.50118160182348,-2.0307518777075844,-40.2,-0.1186522650330485
TRINNN520,True,-1.6782091504204464,-36.26975298501041,52.04693084794988,-37.2964757032013,3.797685387750944,-52.799791883555166,-27.467472475177104,39.66737057583109,0.4813622385047357,38.533459568460536,41.30696370174947,-0.4437972429630218,0.0762782640644472,-0.7345603682436298,-0.180409129102786,-0.119580633555974,0.0122647300310611,-0.169358964750603,-0.0874187930313654,0.8166550171312555,0.0414127696027992,0.6802061409086682,0.9634140940962692,-0.0212973952637963,0.0138406440661475,-0.0676393476459086,0.027283720390843,True,-17.472625417366782,0.4687019653589288,TRIloop,NNN,GATCGATC,,GATCGAACATCGATC,-40.2,-0.1186522650330485,65.6551630434783,-4.06464373,((((((...)))))),-3.4000000000000004,-3.293369694233956,-2.9446879046287284,46.66666666666666,54.24454772458256,-2.117417114445636,-40.2,-0.1186522650330485
TRINNN544,True,-1.0973294297299898,-32.36667484583136,47.88403732479505,-29.392477129447617,3.213638856078894,-41.84222148432457,-21.65701601454212,37.26798178721054,0.4982534027018687,36.16649351710587,38.66414991329212,-0.0313969424125693,0.0596097595355709,-0.1951519798078156,0.1334176688856524,-0.0951674111793117,0.0105645197962683,-0.1361665297680158,-0.0696749649298395,0.8899680603783224,0.0459675558887874,0.7545653019613241,1.017797440175275,-0.0231555306944441,0.0189921561910152,-0.08318825166648,0.0373558524766943,True,-35.26210534123762,1.3951096638193654,TRIloop,NNN,GATCGATC,,GATCGACAATCGATC,-40.2,-0.1186522650330485,65.6551630434783,-4.06506608,((((((...)))))),-3.4000000000000004,-3.2948242406984085,-2.946805040033368,46.66666666666666,54.24454772458256,-2.117417114445636,-40.2,-0.1186522650330485
WC1025,True,-2.2383969990433665,-40.03282303456417,55.36881524806925,-41.858967482038864,3.899951628605975,-59.19975673203706,-33.05037324233349,42.163016531365095,0.3313646604697998,41.42618415577178,43.18487135331447,-0.8959850987650995,0.0791671482856261,-1.2146693329858371,-0.6636524239639602,-0.1329266149723971,0.012475430109001,-0.188142799869054,-0.104735946637671,0.780886444917479,0.0300092500864189,0.695876435026409,0.8720054624688502,-0.028952761101088,0.0133469914210649,-0.0736094589802299,0.0168605371953785,True,-6.491983731383102,0.7309021422641816,WatsonCrick,WC_7ntstem,GC,GC,GTTTTTGGAAACAAAAAC,-53.6,-0.1551184910527164,72.39229889835798,-5.54896673,(((((((....))))))),-5.49,-4.2794495020127785,-3.782580207848936,27.77777777777778,58.35278378267782,-3.4524874804726653,-53.6,-0.1551184910527164
WC1025,True,-2.6490350635813495,-47.93141786186955,55.14388232681108,-41.858967482038864,3.899951628605975,-59.19975673203706,-33.05037324233349,42.163016531365095,0.3313646604697998,41.42618415577178,43.18487135331447,-0.8959850987650995,0.0791671482856261,-1.2146693329858371,-0.6636524239639602,-0.1329266149723971,0.012475430109001,-0.188142799869054,-0.104735946637671,0.780886444917479,0.0300092500864189,0.695876435026409,0.8720054624688502,-0.028952761101088,0.0133469914210649,-0.0736094589802299,0.0168605371953785,True,-6.491983731383102,0.7309021422641816,WatsonCrick,WC_7ntstem,GC,GC,GTTTTTGGAAACAAAAAC,-53.6,-0.1551184910527164,72.39229889835798,-5.54896673,(((((((....))))))),-5.49,-4.2794495020127785,-3.782580207848936,27.77777777777778,58.35278378267782,-3.4524874804726653,-53.6,-0.1551184910527164
WC1025,True,-2.316719804905385,-48.888726152007294,52.42838077741777,-41.858967482038864,3.899951628605975,-59.19975673203706,-33.05037324233349,42.163016531365095,0.3313646604697998,41.42618415577178,43.18487135331447,-0.8959850987650995,0.0791671482856261,-1.2146693329858371,-0.6636524239639602,-0.1329266149723971,0.012475430109001,-0.188142799869054,-0.104735946637671,0.780886444917479,0.0300092500864189,0.695876435026409,0.8720054624688502,-0.028952761101088,0.0133469914210649,-0.0736094589802299,0.0168605371953785,True,-6.491983731383102,0.7309021422641816,WatsonCrick,WC_7ntstem,GC,GC,GTTTTTGGAAACAAAAAC,-53.6,-0.1551184910527164,72.39229889835798,-5.54896673,(((((((....))))))),-5.49,-4.2794495020127785,-3.782580207848936,27.77777777777778,58.35278378267782,-3.4524874804726653,-53.6,-0.1551184910527164
WC1048,True,-2.0690174084030795,-37.51756963571541,55.10245296059777,-36.98950407600725,2.996050003730456,-49.34942161248154,-27.81753189411576,40.86990283900689,0.325895178069276,40.10028318715034,41.730565299833735,-0.602703753283124,0.04709240661206,-0.7836106845029972,-0.4311521534035328,-0.1177781614527254,0.0096079587525344,-0.15723891722908,-0.0882996988823865,0.7804845428502891,0.0331381325615875,0.7024452473289228,0.8923798841924796,-0.0437784283450581,0.0124914354531099,-0.0951413425233324,-0.0071556128816415,True,-10.092887920965376,0.8437889453750832,WatsonCrick,WC_6ntstem,GC,,GTTTCTGAAAAGAAAC,-43.2,-0.1256811220377236,70.57703950743974,-4.28136395,((((((....)))))),-4.220000000000001,-3.235300346013849,-2.823115944879584,31.25,57.07600100489742,-2.626332392883584,-43.2,-0.1256811220377236
WC1048,True,-2.1979123015509687,-43.72167317767261,53.4166849520135,-36.98950407600725,2.996050003730456,-49.34942161248154,-27.81753189411576,40.86990283900689,0.325895178069276,40.10028318715034,41.730565299833735,-0.602703753283124,0.04709240661206,-0.7836106845029972,-0.4311521534035328,-0.1177781614527254,0.0096079587525344,-0.15723891722908,-0.0882996988823865,0.7804845428502891,0.0331381325615875,0.7024452473289228,0.8923798841924796,-0.0437784283450581,0.0124914354531099,-0.0951413425233324,-0.0071556128816415,True,-10.092887920965376,0.8437889453750832,WatsonCrick,WC_6ntstem,GC,,GTTTCTGAAAAGAAAC,-43.2,-0.1256811220377236,70.57703950743974,-4.28136395,((((((....)))))),-4.220000000000001,-3.235300346013849,-2.823115944879584,31.25,57.07600100489742,-2.626332392883584,-43.2,-0.1256811220377236
WC1048,True,-1.997414215505685,-41.58878203707262,52.64730023299734,-36.98950407600725,2.996050003730456,-49.34942161248154,-27.81753189411576,40.86990283900689,0.325895178069276,40.10028318715034,41.730565299833735,-0.602703753283124,0.04709240661206,-0.7836106845029972,-0.4311521534035328,-0.1177781614527254,0.0096079587525344,-0.15723891722908,-0.0882996988823865,0.7804845428502891,0.0331381325615875,0.7024452473289228,0.8923798841924796,-0.0437784283450581,0.0124914354531099,-0.0951413425233324,-0.0071556128816415,True,-10.092887920965376,0.8437889453750832,WatsonCrick,WC_6ntstem,GC,,GTTTCTGAAAAGAAAC,-43.2,-0.1256811220377236,70.57703950743974,-4.28136395,((((((....)))))),-4.220000000000001,-3.235300346013849,-2.823115944879584,31.25,57.07600100489742,-2.626332392883584,-43.2,-0.1256811220377236
WC1106,True,-2.6848368572635146,-46.73904212841255,55.90176309287807,-46.08949554002911,5.241821274051456,-66.02352232837187,-33.13879838657729,44.56121086972843,0.29683526306963,43.95479272418044,45.18774519605179,-1.3969138129531955,0.1424116356786101,-1.879599897130692,-1.0101095861629614,-0.1438445841250674,0.0164569637215648,-0.2066043415192158,-0.1032327018355031,0.7768063334958885,0.035545029868077,0.6862636172526848,0.8790700987663668,-0.0420524167363079,0.0136490657357404,-0.0809799807687059,0.0022734616817227,True,-17.811279426993888,0.8135359782528355,WatsonCrick,WC_7ntstem,GC,GC,GTTCAAGGAAACTTGAAC,-53.79999999999997,-0.1538932774463968,76.44291849989531,-6.13474644,(((((((....))))))),-6.07,-4.875422252785643,-4.383937000408078,38.888888888888886,63.38614017878564,-4.218192854011205,-53.79999999999997,-0.1538932774463968
WC1154,True,-2.274662895604859,-39.88701554770296,55.75678194335159,-50.56829372796401,3.3777719353297875,-62.275970886929805,-40.581168851005806,44.73679941075409,0.3408409672054933,43.93174945443903,45.622234812174966,-1.3249257650048332,0.0921254729247557,-1.6264903669910271,-1.0820093949186609,-0.1584174711390719,0.0106448332987128,-0.1954667951256913,-0.1269562238035099,0.8142809460940378,0.0359062049513809,0.7089700855376766,0.9279113354845544,-0.0315492781868459,0.0102264560093257,-0.0659971913657862,-0.0021783217901524,True,-16.448181176092078,0.8842812558424675,WatsonCrick,WC_7ntstem,GC,GC,GTGAAAGGAAACTTTCAC,-53.79999999999997,-0.1538932774463968,76.44291849989531,-6.16180043,(((((((....))))))),-6.07,-4.898504738127416,-4.405208817482326,38.888888888888886,63.38614017878564,-4.218192854011205,-53.79999999999997,-0.1538932774463968
WC1154,True,-3.108077114182071,-50.37402359751676,57.394600948136144,-50.56829372796401,3.3777719353297875,-62.275970886929805,-40.581168851005806,44.73679941075409,0.3408409672054933,43.93174945443903,45.622234812174966,-1.3249257650048332,0.0921254729247557,-1.6264903669910271,-1.0820093949186609,-0.1584174711390719,0.0106448332987128,-0.1954667951256913,-0.1269562238035099,0.8142809460940378,0.0359062049513809,0.7089700855376766,0.9279113354845544,-0.0315492781868459,0.0102264560093257,-0.0659971913657862,-0.0021783217901524,True,-16.448181176092078,0.8842812558424675,WatsonCrick,WC_7ntstem,GC,GC,GTGAAAGGAAACTTTCAC,-53.79999999999997,-0.1538932774463968,76.44291849989531,-6.16180043,(((((((....))))))),-6.07,-4.898504738127416,-4.405208817482326,38.888888888888886,63.38614017878564,-4.218192854011205,-53.79999999999997,-0.1538932774463968
WC1154,True,-2.7563992031853175,-48.37259377967967,55.741090106373065,-50.56829372796401,3.3777719353297875,-62.275970886929805,-40.581168851005806,44.73679941075409,0.3408409672054933,43.93174945443903,45.622234812174966,-1.3249257650048332,0.0921254729247557,-1.6264903669910271,-1.0820093949186609,-0.1584174711390719,0.0106448332987128,-0.1954667951256913,-0.1269562238035099,0.8142809460940378,0.0359062049513809,0.7089700855376766,0.9279113354845544,-0.0315492781868459,0.0102264560093257,-0.0659971913657862,-0.0021783217901524,True,-16.448181176092078,0.8842812558424675,WatsonCrick,WC_7ntstem,GC,GC,GTGAAAGGAAACTTTCAC,-53.79999999999997,-0.1538932774463968,76.44291849989531,-6.16180043,(((((((....))))))),-6.07,-4.898504738127416,-4.405208817482326,38.888888888888886,63.38614017878564,-4.218192854011205,-53.79999999999997,-0.1538932774463968
WC1203,True,-1.5419302240185149,-24.876023993756704,57.494888882273806,-11.036228040603952,2.3252977077448373,-18.64936139817352,-7.7505754917044225,25.172284182994822,2.198578818002483,20.43871358325124,34.06825610345042,0.3285490036500696,0.1795825806753616,0.0046267621011782,0.8345005424417145,-0.0365263419893608,0.0080133460922547,-0.0625752365240964,-0.0252548346798316,1.0068480825516173,0.066779201123452,0.8202932557686066,1.2385395633375076,-0.0633658857759933,0.0169996600103708,-0.1177177995486766,-0.0118940317694249,True,-11.036228040603952,inf,WatsonCrick,WC_5ntstem,,,TGTATGAAAATACA,-32.09999999999999,-0.0954376914396259,63.19510135135136,-2.99170613,(((((....))))),-2.5,-2.3091668571140493,-2.0018268588366164,21.428571428571427,49.18930417610943,-1.2138658208411934,-32.09999999999999,-0.0954376914396259
WC1272,True,-1.700011171137095,-26.765325326779298,58.03538225989018,-19.46765040076112,1.297850721064913,-25.09650415367831,-15.80199332295788,31.3654833956132,0.8629387038369516,28.6451037947376,34.17766405867108,0.3663403003450398,0.0700662192704455,0.1415658454292535,0.6162231659009284,-0.0640936841884195,0.0043516270681105,-0.0826267112641386,-0.0518618174435626,0.9474700121295576,0.0426664214950304,0.7860101782122159,1.1007950479013324,-0.0584053325477752,0.0154560488114718,-0.1161037951610962,-0.0062214132984367,True,-10.590564947411252,1.3135154364266857,WatsonCrick,WC_5ntstem,,,TGGGAGAAATCCCA,-34.299999999999976,-0.0958246009995163,84.79565948855992,-5.04204171,(((((....))))),-4.58,-4.32241803139076,-3.9917914583043768,50.0,72.49827704913713,-3.5226297471527994,-34.299999999999976,-0.0958246009995163
WC135,True,-2.465658771953553,-29.29601095198644,65.50220015712287,-21.073751961063465,2.234977633070517,-31.56474147308187,-15.678783267088171,39.9287224954097,0.722735704197766,37.6878165540598,41.99800222659517,-0.2656087521104734,0.0642074750116657,-0.4702976931015922,-0.0507508062041437,-0.0662469705643644,0.0070903536826883,-0.1001122001944997,-0.049046534269711,0.7830254250425005,0.0415433261838825,0.6502636940332724,0.9400714240803332,-0.0097554791551447,0.0149423735210489,-0.06468590945497,0.0361103286075041,True,-14.092358477487926,1.4780374263498397,WatsonCrick,WC_5ntstem,,,AAGCTGAAAAGCTT,-34.099999999999994,-0.0972110269224568,77.63325041459376,-4.35609688,(((((....))))),-3.950000000000001,-3.753227859209787,-3.436819392439315,35.714285714285715,64.11215889674622,-2.741264010772378,-34.099999999999994,-0.0972110269224568
WC1375,True,-3.072813328081003,-45.98562489071614,59.79975037255015,-32.51564916570911,2.333734116643727,-43.05757552266004,-25.51389743267869,52.27296233353584,0.7843433234805823,49.7341610330675,55.226463363281226,-1.6964335236572377,0.0859228124658414,-2.05717984763199,-1.43115478104885,-0.0992719844861705,0.0073340074105354,-0.1324751839438338,-0.0773204988068496,0.9220528595458856,0.0552734111029966,0.7299381431116643,1.1306406526776656,-0.0471589749953379,0.0095381074426913,-0.0795517863770722,-0.00895145191394,True,-19.13325785313452,0.8638636577809999,WatsonCrick,WC_6ntstem,GC,,GTCAGGGAAACCTGAC,-45.99999999999999,-0.1292600354667096,82.7217884759292,-6.01158369,((((((....)))))),-5.91,-4.983540743445879,-4.573977834026307,56.25,71.33566119431026,-4.584923533427926,-45.99999999999999,-0.1292600354667096
WC1394,True,-2.1520615011456585,-43.668569714646125,53.07702341314143,-41.9400168853655,3.403006128869667,-58.91336062715015,-33.04186110232964,42.1513535649389,0.3277853187247229,41.20044011189813,43.05663241224826,-0.8828329989583507,0.0579093371451253,-1.077215149631346,-0.6797770137949037,-0.1321985055845742,0.010882070554521,-0.1868315247029148,-0.1039644313786525,0.7759771117566386,0.029530091493766,0.6760003047513168,0.8667542531427644,-0.0439766357958048,0.0139373030961251,-0.0887805030123258,0.0039275064083157,True,-14.450845907832598,4.099405020012526,WatsonCrick,WC_7ntstem,GC,GC,GTCTAAGGAAACTTAGAC,-52.39999999999998,-0.1512816379171368,73.22382779198637,-5.60191224,(((((((....))))))),-5.48,-4.371688403824559,-3.891567797970035,38.888888888888886,60.401989396559486,-3.676381144055516,-52.39999999999998,-0.1512816379171368
WC1394,True,-2.7069559069281883,-49.6678544960907,54.87790267555761,-41.9400168853655,3.403006128869667,-58.91336062715015,-33.04186110232964,42.1513535649389,0.3277853187247229,41.20044011189813,43.05663241224826,-0.8828329989583507,0.0579093371451253,-1.077215149631346,-0.6797770137949037,-0.1321985055845742,0.010882070554521,-0.1868315247029148,-0.1039644313786525,0.7759771117566386,0.029530091493766,0.6760003047513168,0.8667542531427644,-0.0439766357958048,0.0139373030961251,-0.0887805030123258,0.0039275064083157,True,-14.450845907832598,4.099405020012526,WatsonCrick,WC_7ntstem,GC,GC,GTCTAAGGAAACTTAGAC,-52.39999999999998,-0.1512816379171368,73.22382779198637,-5.60191224,(((((((....))))))),-5.48,-4.371688403824559,-3.891567797970035,38.888888888888886,60.401989396559486,-3.676381144055516,-52.39999999999998,-0.1512816379171368
WC1394,True,-2.3743795305523614,-48.05021448473386,53.1226130215141,-41.9400168853655,3.403006128869667,-58.91336062715015,-33.04186110232964,42.1513535649389,0.3277853187247229,41.20044011189813,43.05663241224826,-0.8828329989583507,0.0579093371451253,-1.077215149631346,-0.6797770137949037,-0.1321985055845742,0.010882070554521,-0.1868315247029148,-0.1039644313786525,0.7759771117566386,0.029530091493766,0.6760003047513168,0.8667542531427644,-0.0439766357958048,0.0139373030961251,-0.0887805030123258,0.0039275064083157,True,-14.450845907832598,4.099405020012526,WatsonCrick,WC_7ntstem,GC,GC,GTCTAAGGAAACTTAGAC,-52.39999999999998,-0.1512816379171368,73.22382779198637,-5.60191224,(((((((....))))))),-5.48,-4.371688403824559,-3.891567797970035,38.888888888888886,60.401989396559486,-3.676381144055516,-52.39999999999998,-0.1512816379171368
WC1749,True,-1.6034253215982688,-30.433161479682404,54.24963283627744,-25.151980455237485,2.1211255913586027,-33.93464852980036,-18.812091008341504,43.38877422286183,0.8602745385300616,40.70735985499386,46.2506574808234,-0.6770243001206465,0.0709404820022167,-0.9654597694110236,-0.423417979917348,-0.0789308633782437,0.0068017893913642,-0.1068285263866155,-0.0588343314085115,0.8637862625206514,0.0506267998883585,0.7034242546491455,1.0368084803751692,-0.038454115383106,0.0146484957314599,-0.0988725226950577,0.012707924188399,True,-24.64350345452562,0.7613197346523006,WatsonCrick,WC_5ntstem,,,GTATCGAAAGATAC,-37.2,-0.110914073835241,62.24476744186046,-2.9863416,(((((....))))),-2.8000000000000003,-2.315808435762288,-2.033208820797082,35.714285714285715,49.863029378461306,-1.4813789208425876,-37.2,-0.110914073835241
WC1767,True,-1.157240312817749,-27.66426020788217,50.540491705265445,-20.760429605950637,1.7418604784253706,-28.08102012844812,-15.299398098040848,37.40693193717373,0.8117071476756623,34.8729458106427,39.94354874196376,-0.0721613416557178,0.0734927046696572,-0.3337178932228235,0.2101393927743789,-0.066843891754476,0.0057368359062357,-0.0911011759726041,-0.0485811779019334,0.8793231164193758,0.0420015853609801,0.7414924982996505,1.0311858017573867,-0.040474818679252,0.0169269777449804,-0.1051405875294475,0.0214107537581045,True,-8.075868276809867,0.5804358915273642,WatsonCrick,WC_5ntstem,,,GTACTGAAAAGTAC,-34.79999999999998,-0.1027244881508946,65.62024482109229,-3.12507797,(((((....))))),-2.9400000000000004,-2.438906056009902,-2.1485891740564425,35.714285714285715,52.99271987136535,-1.7064512485301602,-34.79999999999998,-0.1027244881508946
WC1785,True,-1.868041155656264,-32.86281259339174,55.692603221503845,-30.031414937323888,2.591095090079252,-42.37896304156192,-22.97804766772756,45.31048371611047,0.5779738635126969,43.32843466579865,46.9632681446501,-1.0312134591034825,0.080142018261263,-1.302783501703331,-0.7648487443335551,-0.0937206805290614,0.0082196983386503,-0.1329396604235174,-0.0713153833820581,0.8354122302487167,0.0456144847853465,0.690800846668184,0.9949349231589346,-0.0334909001231117,0.012050225711327,-0.0735331142220585,0.0093397814317444,True,-13.08163371132734,0.8010507239020827,WatsonCrick,WC_5ntstem,,,GTTACGAAAGTAAC,-38.1,-0.1129775914879896,64.08501712328768,-3.1456457,(((((....))))),-3.06,-2.375533289258112,-2.071657533472937,35.714285714285715,51.56956872929737,-1.7094767979597498,-38.1,-0.1129775914879896
WC200,True,-1.9334074748431196,-43.82815592826404,51.31316216134556,-44.16242667578225,3.288688047528291,-56.79373153507618,-34.37095095867937,40.3862922775169,0.3210121245177633,39.47751767524359,41.483841753115335,-0.4567916037414561,0.0411644766588519,-0.6098115422940109,-0.3054740461535692,-0.141090613627797,0.0105667612683639,-0.1815967393439426,-0.1093928021263789,0.8632760795227544,0.0298313871496329,0.7644270985175741,0.9749501025876504,-0.046138089518949,0.0107569662314033,-0.0840252954018528,-0.0091484004000721,True,-17.343961642094467,0.497470486841582,WatsonCrick,WC_7ntstem,GC,GC,GATAAGGGAAACCTTATC,-51.39999999999999,-0.148057391584717,74.0126742160279,-5.77684824,(((((((....))))))),-5.48,-4.719557264670962,-4.265362040270485,38.888888888888886,61.13345310246012,-3.710801351230035,-51.39999999999999,-0.148057391584717
WC200,True,-2.07110648272371,-43.56047287593624,52.48236889252291,-44.16242667578225,3.288688047528291,-56.79373153507618,-34.37095095867937,40.3862922775169,0.3210121245177633,39.47751767524359,41.483841753115335,-0.4567916037414561,0.0411644766588519,-0.6098115422940109,-0.3054740461535692,-0.141090613627797,0.0105667612683639,-0.1815967393439426,-0.1093928021263789,0.8632760795227544,0.0298313871496329,0.7644270985175741,0.9749501025876504,-0.046138089518949,0.0107569662314033,-0.0840252954018528,-0.0091484004000721,True,-17.343961642094467,0.497470486841582,WatsonCrick,WC_7ntstem,GC,GC,GATAAGGGAAACCTTATC,-51.39999999999999,-0.148057391584717,74.0126742160279,-5.77684824,(((((((....))))))),-5.48,-4.719557264670962,-4.265362040270485,38.888888888888886,61.13345310246012,-3.710801351230035,-51.39999999999999,-0.148057391584717
WC200,True,-1.7986622507380654,-40.15345457666436,51.54459959855717,-44.16242667578225,3.288688047528291,-56.79373153507618,-34.37095095867937,40.3862922775169,0.3210121245177633,39.47751767524359,41.483841753115335,-0.4567916037414561,0.0411644766588519,-0.6098115422940109,-0.3054740461535692,-0.141090613627797,0.0105667612683639,-0.1815967393439426,-0.1093928021263789,0.8632760795227544,0.0298313871496329,0.7644270985175741,0.9749501025876504,-0.046138089518949,0.0107569662314033,-0.0840252954018528,-0.0091484004000721,True,-17.343961642094467,0.497470486841582,WatsonCrick,WC_7ntstem,GC,GC,GATAAGGGAAACCTTATC,-51.39999999999999,-0.148057391584717,74.0126742160279,-5.77684824,(((((((....))))))),-5.48,-4.719557264670962,-4.265362040270485,38.888888888888886,61.13345310246012,-3.710801351230035,-51.39999999999999,-0.148057391584717
WC2318,True,-2.853235448075464,-51.787338477191085,55.084136000083106,-45.75587425020016,3.035507605291247,-59.20851429136782,-36.48807121500507,46.67254573575215,0.3121450121455453,45.78834524137988,47.658566912777005,-1.5809067879592198,0.0840924721664841,-1.911413629353236,-1.3220828429331828,-0.1425324320252184,0.0095728574593848,-0.1848428573935921,-0.1133132101742414,0.8595547727300563,0.0295826772739494,0.7581529756584368,0.9525295612758824,-0.0431634649980292,0.0087042541319647,-0.0766609243983061,-0.0124595324256861,True,-6.408225043930089,0.4615601272608764,WatsonCrick,WC_7ntstem,GC,GC,GCAATAGGAAACTATTGC,-53.49999999999998,-0.1530549733999676,76.39760901622083,-6.14070898,(((((((....))))))),-6.030000000000001,-4.792068015210866,-4.278095180385328,38.888888888888886,63.34415177348916,-4.188518916163554,-53.49999999999998,-0.1530549733999676
WC28,True,-1.1906889437369093,-32.95842947811899,48.62475422198567,-27.23417997798697,2.6916410890058,-38.70632279133989,-20.608550078319304,38.37681611151177,0.567892397288725,36.655465948446434,40.789823482358166,-0.1290184082200291,0.0479482992986239,-0.3087387897669821,0.0461106258362702,-0.0874076846470853,0.0087320078684812,-0.1246888255036088,-0.0658785909143903,0.8942957085287451,0.0377498084182721,0.7887022133545676,1.0546386205083649,-0.0513169194062724,0.0157888987576178,-0.1049011637392176,0.0062164878694722,True,-11.43538409636992,0.452841186674338,WatsonCrick,WC_6ntstem,GC,,GAAAGTGAAAACTTTC,-43.19999999999998,-0.1256811220377236,70.57703950743979,-4.4988648,((((((....)))))),-4.22,-3.615598923324232,-3.2224271461862406,31.25,57.076001004897535,-2.626332392883597,-43.19999999999998,-0.1256811220377236
WC510,True,-3.3964338989668112,-44.47393947964329,62.64430237117648,-17.518455511357423,1.4390866699642029,-22.58467313069023,-13.159515761762028,44.123052511178265,1.4423071273696644,39.78785509410806,49.7994454594534,-0.4751008195357857,0.0789012445384859,-0.7818451128296844,-0.2198645754271393,-0.0552858630538342,0.0046322918305745,-0.0720760991283044,-0.041245753097464,0.9056308290611166,0.0583437593076571,0.7370789661017088,1.1666566884070944,-0.032500384748095,0.0178695611688731,-0.1014078757545789,0.0270612774815561,True,-29.866166435802462,1.5569852512297702,WatsonCrick,WC_5ntstem,,,AGGGGGAAACCCCT,-34.69999999999998,-0.0946316298565209,93.5350085178876,-5.74445168,(((((....))))),-5.35,-5.060662032774266,-4.730321128290481,64.28571428571429,82.51487321605379,-4.440601868595713,-34.69999999999998,-0.0946316298565209
WC578,True,-2.6879093079255143,-42.75771819637119,57.8050673307176,-43.82719729567422,3.4119327526300838,-58.04891403143454,-34.465395457650125,44.52924344497409,0.3210662141441542,43.60765417711316,45.39408930856323,-1.208440769884693,0.0767283066785822,-1.495086876236266,-0.9519772933496528,-0.1379148494356351,0.0108642740586283,-0.1832309370739834,-0.1080687916453688,0.7304969932049185,0.0292333563313092,0.637884594844031,0.826334510454002,-0.0426655078599986,0.00968344561924,-0.0771405479431871,-0.0071859511181868,True,-12.31474089604244,0.6383713975998792,WatsonCrick,WC_7ntstem,GC,GC,GACAAAGGAAACTTTGTC,-53.79999999999999,-0.1538932774463969,76.44291849989526,-6.34665138,(((((((....))))))),-6.07,-5.220286397004341,-4.737920043634732,38.888888888888886,63.38614017878558,-4.218192854011201,-53.79999999999999,-0.1538932774463969
WC578,True,-3.046235758548909,-47.80026408617455,58.11072580098329,-43.82719729567422,3.4119327526300838,-58.04891403143454,-34.465395457650125,44.52924344497409,0.3210662141441542,43.60765417711316,45.39408930856323,-1.208440769884693,0.0767283066785822,-1.495086876236266,-0.9519772933496528,-0.1379148494356351,0.0108642740586283,-0.1832309370739834,-0.1080687916453688,0.7304969932049185,0.0292333563313092,0.637884594844031,0.826334510454002,-0.0426655078599986,0.00968344561924,-0.0771405479431871,-0.0071859511181868,True,-12.31474089604244,0.6383713975998792,WatsonCrick,WC_7ntstem,GC,GC,GACAAAGGAAACTTTGTC,-53.79999999999999,-0.1538932774463969,76.44291849989526,-6.34665138,(((((((....))))))),-6.07,-5.220286397004341,-4.737920043634732,38.888888888888886,63.38614017878558,-4.218192854011201,-53.79999999999999,-0.1538932774463969
WC578,True,-2.611916594934257,-45.78967039814971,55.76165063173187,-43.82719729567422,3.4119327526300838,-58.04891403143454,-34.465395457650125,44.52924344497409,0.3210662141441542,43.60765417711316,45.39408930856323,-1.208440769884693,0.0767283066785822,-1.495086876236266,-0.9519772933496528,-0.1379148494356351,0.0108642740586283,-0.1832309370739834,-0.1080687916453688,0.7304969932049185,0.0292333563313092,0.637884594844031,0.826334510454002,-0.0426655078599986,0.00968344561924,-0.0771405479431871,-0.0071859511181868,True,-12.31474089604244,0.6383713975998792,WatsonCrick,WC_7ntstem,GC,GC,GACAAAGGAAACTTTGTC,-53.79999999999999,-0.1538932774463969,76.44291849989526,-6.34665138,(((((((....))))))),-6.07,-5.220286397004341,-4.737920043634732,38.888888888888886,63.38614017878558,-4.218192854011201,-53.79999999999999,-0.1538932774463969
WC68,True,-2.695956114305529,-44.96208410899092,56.78299949683111,-44.96530432218313,4.303397086120673,-64.5326830679153,-32.089319953510724,44.634641590849824,0.3185940704342851,43.68571799431261,45.6282731394485,-1.2952844569982764,0.0965122295824382,-1.708027082513751,-1.017419315931946,-0.1407626340817025,0.0136440727361818,-0.2029304781753025,-0.0999778518238529,0.758906654243121,0.0351750500047708,0.6535312055706173,0.8854456107341913,-0.0363741805962627,0.0124992547025022,-0.0761906759221209,0.0091457801558643,True,-20.1348949839183,0.9327011552564304,WatsonCrick,WC_7ntstem,GC,GC,GAATTGGGAAACCAATTC,-52.8,-0.1506690311139771,77.28697838647554,-6.34252576,(((((((....))))))),-6.07,-5.237847065630898,-4.761688635722969,38.888888888888886,64.16825815134109,-4.252613061185721,-52.8,-0.1506690311139771
WC788,True,-2.4186133787413038,-44.08114488833269,55.004977427834,-45.52043449170698,3.318875518883815,-61.12776086012168,-36.47539087127608,44.02041166173842,0.3355969433284752,43.07279983426662,45.017303347662285,-1.2276175768408133,0.0721702098618806,-1.5021273921927174,-0.9491899769787032,-0.1432328770735772,0.0105589034869566,-0.1927839139194286,-0.1147403733989348,0.8134879097415898,0.0373082270519292,0.6887463397468083,0.9405221786258332,-0.0288167867902891,0.014713408518041,-0.0764540776710764,0.0232079923576649,True,-34.16562846552907,2.2192529703276573,WatsonCrick,WC_7ntstem,GC,GC,GTAATGGGAAACCATTAC,-52.29999999999999,-0.1499596969208447,75.610374113094,-5.97231957,(((((((....))))))),-5.789999999999999,-4.856656253507612,-4.406459566647981,38.888888888888886,62.6145544400494,-3.989823164772967,-52.29999999999999,-0.1499596969208447
WC788,True,-2.8826654271312617,-50.51017924789137,55.771894867102105,-45.52043449170698,3.318875518883815,-61.12776086012168,-36.47539087127608,44.02041166173842,0.3355969433284752,43.07279983426662,45.017303347662285,-1.2276175768408133,0.0721702098618806,-1.5021273921927174,-0.9491899769787032,-0.1432328770735772,0.0105589034869566,-0.1927839139194286,-0.1147403733989348,0.8134879097415898,0.0373082270519292,0.6887463397468083,0.9405221786258332,-0.0288167867902891,0.014713408518041,-0.0764540776710764,0.0232079923576649,True,-34.16562846552907,2.2192529703276573,WatsonCrick,WC_7ntstem,GC,GC,GTAATGGGAAACCATTAC,-52.29999999999999,-0.1499596969208447,75.610374113094,-5.97231957,(((((((....))))))),-5.789999999999999,-4.856656253507612,-4.406459566647981,38.888888888888886,62.6145544400494,-3.989823164772967,-52.29999999999999,-0.1499596969208447
