,dG_37_uv,dH_uv,Tm_uv,dH,dH_se,dH_lb,dH_ub,Tm,Tm_se,Tm_lb,Tm_ub,dG_37,dG_37_se,dG_37_lb,dG_37_ub,dS,dS_se,dS_lb,dS_ub,fmax,fmax_se,fmax_lb,fmax_ub,fmin,fmin_se,fmin_lb,fmin_ub,two_state,dH_line,dH_se_line,Series,ConstructType,bottomScaffold,topScaffold,RefSeq,dH_NUPACK,dS_NUPACK,Tm_NUPACK,dG_37_ensemble_NUPACK,TargetStruct,dG_37_NUPACK,dG_37_ensemble_150mM_NUPACK,dG_37_ensemble_75mM_NUPACK,GC,Tm_NUPACK_salt_corrected,dG_37_NUPACK_salt_corrected,dH_NUPACK_salt_corrected,dS_NUPACK_salt_corrected,sequence
BC0,-2.8675448997820943,-24.417998433210307,78.26915701740859,,,,,,,,,,,,,,,,,,,,,,,,,,,,,,,,,,,,,,,,,,,,,,CAAGCCGAAAGGCTTG
HP003,-1.573719576401079,-35.130547240262764,51.54515103483492,,,,,,,,,,,,,,,,,,,,,,,,,,,,,,,,,,,,,,,,,,,,,,CTTACCGTGTGGTAAG
HP005,-2.1191743405804937,-56.82647626729113,49.01415347829711,,,,,,,,,,,,,,,,,,,,,,,,,,,,,,,,,,,,,,,,,,,,,,ATTCGATGGGTCGAAT
HP007,0.9094401030773338,-39.669744516389926,30.049075514589862,,,,,,,,,,,,,,,,,,,,,,,,,,,,,,,,,,,,,,,,,,,,,,GTATATGAGTATATAC
HP008,-1.2036874631648082,-28.69805359094948,50.578187799110616,,,,,,,,,,,,,,,,,,,,,,,,,,,,,,,,,,,,,,,,,,,,,,CGACTGGACTCAGTCG
HP010,-0.9850936782849216,-34.73061979215581,46.05384622806292,,,,,,,,,,,,,,,,,,,,,,,,,,,,,,,,,,,,,,,,,,,,,,GCTTTCAATCGAAAGC
HP015,-1.4150043594096124,-29.43113920186355,52.66467339405662,,,,,,,,,,,,,,,,,,,,,,,,,,,,,,,,,,,,,,,,,,,,,,CAATCTCGGTAGATTG
HP018,-2.8747001202529656,-38.331193412831816,62.14597918466652,,,,,,,,,,,,,,,,,,,,,,,,,,,,,,,,,,,,,,,,,,,,,,GCCAGGACCACCTGGC
HP022,-1.6391275839277712,-37.78910822261229,51.06295138125689,,,,,,,,,,,,,,,,,,,,,,,,,,,,,,,,,,,,,,,,,,,,,,TTGACGACATCGTCAA
MMCNNN2336,-3.542451569222904,-51.03930392752075,60.13187715906693,-50.84078346414987,6.697063775546291,-65.65701277123289,-40.24247042318013,50.53953241838974,0.8248322917587684,49.44111374725179,52.61491678289116,-2.1647124759434906,0.2173246943365553,-2.5828460301251948,-1.866140739862718,-0.1568914911313293,0.0209517423391355,-0.2033681789176664,-0.1236862701714976,0.7482064126024637,0.0691827315648519,0.644295059408781,0.9193733057490234,-0.0221053840336956,0.0138539466589391,-0.0429106975926211,0.0082200700623966,True,-25.95753907748028,1.738633024862427,MisMatches,Centered,GC,CG,GCATAGCGAAAGCTGTGC,-42.09999999999999,-0.1234563920683539,67.86109950378693,-5.5032863,(((.(((....))).))),-3.810000000000001,-3.42364629231499,-3.132986887530091,55.55555555555556,57.31297562206959,-2.5878126651838387,-42.09999999999999,-0.1234563920683539,GCATAGCGAAAGCTGTGC
MMCNNN2337,-3.366927775418626,-41.39060956157777,64.46321767099899,-44.7896460627846,4.6906092001123065,-54.50477463680161,-36.1192385368611,50.372555263291645,0.8075220099049775,49.24499263270821,51.945722484685234,-1.8733690579790083,0.1436851280764453,-2.130996205742203,-1.6192776636343955,-0.1385279849081131,0.0147252557183769,-0.1687456399726303,-0.1105356154610274,0.7295876690976226,0.0524217973669195,0.6682359690436503,0.8748832248903256,-0.0228454548887285,0.0129306782123874,-0.0515415602988295,-0.0003375429082982,True,-32.53966848535793,3.7500007648223534,MisMatches,Centered,GC,CG,GCAGAGCGAAAGCTATGC,-42.09999999999998,-0.118426567789779,82.3445548597877,-5.474441,(((.(((....))).))),-5.370000000000001,-4.386260574594799,-3.9735846095374128,55.55555555555556,70.89644150830338,-4.147812665183841,-42.09999999999998,-0.118426567789779,GCAGAGCGAAAGCTATGC
MMTM176,-2.333759698491794,-33.259669562155885,60.40482701004263,-23.13839375540161,2.982407104155589,-35.597798004676584,-16.486689019394642,51.05641700341938,1.5186790493571098,46.4813434637621,56.17051022401649,-1.0288077348136215,0.1294017469148961,-1.5495316152408347,-0.6847806946718079,-0.0713891971242595,0.0093428949506229,-0.1101219132039713,-0.0507007177717552,0.9523074024257197,0.0698577960924279,0.7282160960163931,1.1781947617743285,-0.0522975592751377,0.0194317760098041,-0.111098402074136,0.0095578286676262,True,-16.407157226927087,0.4350006182791613,MisMatches,3mer,GCGC,GCGC,GCATAGCGAAAGCAATGC,-37.69999999999998,-0.1077220699661453,76.82470817120623,-4.532504846811918,((((.((....)).)))),-4.290000000000001,-3.396515250318287,-3.0170399907128704,50.0,65.05991810414508,-3.127817535500313,-37.69999999999998,-0.1077220699661453,GCATAGCGAAAGCAATGC
TETNNN1570,-0.8638774983759158,-31.01405973615468,45.88656672149618,-34.707488008144146,2.766972313300186,-47.64717500420584,-26.882296769886416,36.7883251299108,0.3866749028273691,35.51345775263461,38.081507523818175,0.0215978614611394,0.0524746024133436,-0.1400304819703602,0.2183164644364492,-0.1124788235926369,0.0089965813464893,-0.1546955888375902,-0.0869311381120411,0.9143125647788348,0.0330972367903296,0.8039185126323062,1.0379301358485868,-0.0406328557173135,0.0144078876501438,-0.0820293521469679,0.020003524760567,True,-33.35898511067446,1.167256559131866,TETRAloop,NNN,GATCGATC,,GATCTGACACCAGATC,-43.89999999999999,-0.1305497339996775,63.12031365769332,-3.71848424,((((((....)))))),-3.410000000000001,-2.859051379781588,-2.4790519997770226,50.0,52.24454454798763,-2.056689384839891,-43.89999999999999,-0.1305497339996775,GATCTGACACCAGATC
TETNNN1696,-0.594910684881767,-25.233866541518456,44.48861071831417,-38.32579994329222,3.502270844234449,-53.02376594712535,-28.868759462980368,40.60573190859528,0.433321876612051,39.60282001251037,41.89128503082746,-0.4278002786388005,0.0534290162305194,-0.5988196164774788,-0.2567253955057847,-0.1220630044553383,0.0112231100531736,-0.1692144455283242,-0.0917804198233159,0.90336045761739,0.0393157124631033,0.80325161965536,1.03491886867977,-0.0104142638300595,0.0188982008106357,-0.066428622909089,0.0570879182370907,True,-35.48062017323453,0.9820333005958994,TETRAloop,NNN,GATCGATC,,GATCTGCCAACAGATC,-42.69999999999998,-0.1257133645010478,66.51157989228005,-4.00051606,((((((....)))))),-3.710000000000001,-3.131158434210621,-2.7451046467459617,50.0,55.418959760664734,-2.3936819301289938,-42.69999999999998,-0.1257133645010478,GATCTGCCAACAGATC
