center,Tm,Tm_pred,melting_index
GCG/CGC,69.3,71.47,3.8891
GCC/CGG,68.7,69.73,3.8559
GGG/CCC,67.7,70.50,3.8707
GAC/CTG,67.2,65.46,3.7743
GGA/CCT,66.6,66.74,3.7988
GAG/CTC,66.5,66.24,3.7892
GTC/CAG,66.4,65.46,3.7743
AGC/TCG,66.1,66.01,3.7847
AGG/TCC,66.0,64.82,3.7621
GGC/CGG,65.9,64.44,3.7547
ACG/TGC,65.4,65.46,3.7743
TTG/AAC,64.9,60.94,3.6878
CAA/GTT,64.5,61.46,3.6977
CCT/GGA,64.4,63.29,3.7328
TCA/AGT,64.2,60.94,3.6878
GGC/CAG,64.0,63.64,3.7394
ACG/GGC,63.8,63.15,3.7300
CGG/GCA,63.8,65.13,3.7679
ATG/TAC,63.6,61.20,3.6928
GTT/CAA,63.6,60.10,3.6718
TAC/ATG,63.6,58.44,3.6399
GTC/CGG,63.5,61.06,3.6901
GGT/CCG,63.4,64.01,3.7466
GGC/ACG,63.1,63.41,3.7350
TCT/AGA,63.0,58.91,3.6490
ACA/TGT,63.0,60.17,3.6730
TGG/GCC,62.9,63.05,3.7281
GGA/AGG,62.8,59.35,3.6575
CGG/GTC,62.7,63.05,3.7281
CGC/GAG,62.6,63.17,3.7304
CGG/GAC,62.6,62.72,3.7218
GGT/CGA,62.5,60.81,3.6852
CCG/GGT,62.4,63.37,3.7343
CGT/GCG,62.4,64.01,3.7466
AGG/GCC,62.2,62.72,3.7218
TCG/GGC,62.2,63.03,3.7277
GCG/CGG,62.0,62.82,3.7237
ATA/TAT,61.8,55.69,3.5875
TAC/AGG,61.7,59.30,3.6564
CGA/GCG,61.6,63.94,3.7451
GGT/CAA,61.4,61.22,3.6931
CCT/GGG,61.4,62.87,3.7247
TGG/ACG,61.3,58.84,3.6477
CCA/GGG,61.3,62.47,3.7170
ACA/GGT,61.2,58.21,3.6357
CGC/GCG,69.1,69.73,3.8559
CGG/GCC,68.2,70.50,3.8707
CCC/GGG,67.7,69.10,3.8438
GCA/CGT,67.1,66.81,3.8000
CGA/GCT,66.5,66.74,3.7988
GCT/CGA,66.4,64.24,3.7509
GTG/CAC,66.2,65.46,3.7743
TCC/AGG,66.1,64.82,3.7621
GGT/CCA,66.0,63.94,3.7451
CTC/GAG,65.8,64.82,3.7621
ACC/TGG,65.2,64.03,3.7469
ATC/TAG,64.8,61.20,3.6928
GAG/AGC,64.5,64.76,3.7609
TTC/AAG,64.4,60.94,3.6878
AGA/TCT,64.2,60.94,3.6878
GTA/CAT,63.9,60.10,3.6718
AAG/TTC,63.8,60.94,3.6878
GGG/CGC,63.7,63.87,3.7439
GTG/CGC,63.6,62.10,3.7100
TAG/ATC,63.6,58.91,3.6490
CTA/GAT,63.6,59.45,3.6592
GGC/CTG,63.5,61.06,3.6901
GCT/CGG,63.2,63.69,3.7405
GGG/CCA,63.1,65.13,3.7679
CAT/GTA,63.0,59.72,3.6644
GCG/CGA,63.0,64.13,3.7487
CTT/GAA,62.9,59.45,3.6592
ACC/GGG,62.8,62.23,3.7126
AGT/TCA,62.7,58.44,3.6399
CGG/GCG,62.6,64.68,3.7594
GGG/TCC,62.6,63.05,3.7281
GCC/TGG,62.5,61.27,3.6942
AAA/TTT,62.4,57.42,3.6205
GGG/CTC,62.3,63.03,3.7277
GCG/CAC,62.2,59.68,3.6637
TGT/ACA,62.1,58.44,3.6399
GGA/CAT,62.0,61.26,3.6939
CTG/GGC,61.7,63.05,3.7281
GGG/GCC,61.6,62.37,3.7152
TAA/ATT,61.6,55.42,3.5823
TGG/ACA,61.4,59.30,3.6564
GAT/CGA,61.3,59.63,3.6628
GTG/CTC,61.3,59.50,3.6602
GAA/AGT,61.3,58.97,3.6501
TGC/AGG,61.2,58.84,3.6477
GGC/CCG,68.9,69.73,3.8559
CCG/GGC,68.2,70.50,3.8707
TGC/ACG,67.5,66.01,3.7847
TCG/AGC,66.6,66.24,3.7892
CAG/GTC,66.5,64.82,3.7621
CAC/GTG,66.4,64.03,3.7469
CGT/GCA,66.2,63.94,3.7451
CCA/GGT,66.0,65.35,3.7721
CTG/GAC,65.9,64.82,3.7621
TGG/ACC,65.5,64.82,3.7621
GAC/CGG,65.2,63.64,3.7394
GAA/CTT,64.7,62.28,3.7135
AAC/TTG,64.5,60.17,3.6730
TGA/ACT,64.4,60.94,3.6878
GAT/CTA,64.1,60.38,3.6771
GGG/CAC,63.8,63.15,3.7300
CGA/GAG,63.8,63.29,3.7328
GGG/CCG,63.7,64.68,3.7594
GCG/GGC,63.6,63.87,3.7439
CAC/GGG,63.6,62.23,3.7126
GAC/AGG,63.5,63.20,3.7310
GCG/CGT,63.5,64.35,3.7530
GCC/GGG,63.2,62.90,3.7253
GCG/AGC,63.1,64.15,3.7493
TGC/GCG,63.0,63.77,3.7419
GCA/CGG,63.0,63.16,3.7303
CGC/GTG,62.9,61.27,3.6941
GGG/CCT,62.8,64.50,3.7559
GGC/TCG,62.7,63.77,3.7419
CGC/GGG,62.6,62.90,3.7253
GAG/CGC,62.5,64.15,3.7493
CGG/GCT,62.4,64.50,3.7559
GCG/TGC,62.4,62.10,3.7100
GCC/AGG,62.3,63.17,3.7304
CAG/GGC,62.2,62.72,3.7218
GGA/CCG,62.1,63.94,3.7451
TCC/GGG,61.9,62.12,3.7104
GGC/GCG,61.7,63.03,3.7279
AGC/GCG,61.6,63.41,3.7350
CCG/GGA,61.5,63.23,3.7316
GAG/CAC,61.4,60.02,3.6703
TAT/ATA,61.3,53.63,3.5481
AGC/TAG,61.3,59.69,3.6639
GGA/CGT,61.2,60.83,3.6857
TGG/TCC,61.2,61.57,3.6999
GCA/CGA,61.2,63.09,3.7289
TGC/TCG,61.2,62.14,3.7108
GTC/TAG,61.1,60.50,3.6794
GGA/TCT,61.1,58.73,3.6456
GAT/CTG,61.0,61.61,3.7005
GAC/TTG,60.9,58.50,3.6412
AGC/ACG,60.8,60.75,3.6842
GAA/AGG,60.7,59.72,3.6644
GTA/AGG,60.7,58.04,3.6324
TTG/AGC,60.6,58.97,3.6502
GAG/CTG,60.6,61.12,3.6912
GTG/CAT,60.4,59.78,3.6657
GGA/ATG,60.4,58.07,3.6329
GGA/CCC,60.3,61.94,3.7070
GAG/CCC,60.3,60.78,3.6847
TGT/ACG,60.3,58.51,3.6413
GTG/TAC,60.2,60.50,3.6794
GAG/TTC,60.2,58.97,3.6502
CAC/GCG,60.2,58.18,3.6351
GGA/ACT,60.2,58.37,3.6387
ATC/TGG,60.1,60.20,3.6737
GCT/CGC,60.1,61.91,3.7064
GGT/CCT,60.0,61.32,3.6950
TTC/AGG,60.0,58.97,3.6501
GGC/CCA,60.0,60.95,3.6880
AAC/TGG,60.0,61.27,3.6941
GTC/CCG,59.9,58.09,3.6333
CAG/GTA,59.9,60.69,3.6831
GGA/ACG,59.9,55.92,3.5918
CGT/GCT,59.9,61.32,3.6950
GCA/TGT,59.9,57.25,3.6172
AGG/ACC,59.8,60.32,3.6759
GAG/ATC,59.7,58.84,3.6477
TAG/AGC,59.7,58.84,3.6477
TGA/ACG,59.7,58.44,3.6399
CCC/GAG,59.6,60.07,3.6711
GCT/GGA,59.6,56.90,3.6105
AGG/TCG,59.6,58.84,3.6477
GGT/ACA,59.5,55.92,3.5918
CAA/GGT,59.5,58.63,3.6436
GGG/CAA,59.4,59.56,3.6614
GTC/AAG,59.4,60.84,3.6859
TGG/AGC,59.3,58.20,3.6354
TCG/AGG,59.3,58.20,3.6354
GAA/AAG,59.3,57.99,3.6314
GCC/CGT,59.3,62.00,3.7081
TGA/TCT,59.2,57.54,3.6228
GCG/CCC,59.2,59.70,3.6640
GTA/CAA,59.1,58.75,3.6460
CCG/GTC,59.1,59.51,3.6605
CTG/GAA,59.0,59.10,3.6527
GCG/AAC,59.0,58.54,3.6418
AAT/TTA,61.2,55.69,3.5875
CTC/GGG,61.2,62.12,3.7104
CTG/GTC,61.1,61.56,3.6997
TTT/AAA,61.0,55.42,3.5823
GCT/CGT,61.0,63.84,3.7433
ATC/GAG,60.8,59.67,3.6636
GTC/GAG,60.7,59.89,3.6677
ATT/TAA,60.7,55.69,3.5875
TCG/AGT,60.7,58.97,3.6502
TGA/GCT,60.6,58.73,3.6456
CGA/GTT,60.6,59.52,3.6606
GAG/CTA,60.4,61.44,3.6974
TGC/ATG,60.4,58.51,3.6413
GTA/CGT,60.3,60.17,3.6732
GCA/CGC,60.3,62.49,3.7174
CAT/GTG,60.3,60.84,3.6859
GGA/CCA,60.2,62.11,3.7101
AGG/TAC,60.2,59.67,3.6636
GCA/AGG,60.2,56.37,3.6004
GAA/CGT,60.2,60.09,3.6717
CGA/GCA,60.1,62.11,3.7101
TCA/GGT,60.1,58.10,3.6335
TGG/ATC,60.0,58.48,3.6407
TGG/ACT,60.0,58.97,3.6501
CGC/ACG,60.0,60.02,3.6703
CAG/GTG,60.0,60.39,3.6774
AGA/GCT,59.9,58.37,3.6387
GGT/CCC,59.9,60.85,3.6862
GGT/CGG,59.9,59.50,3.6602
GGA/GCT,59.9,58.36,3.6384
CAG/GAC,59.8,60.32,3.6759
CTC/GTG,59.8,58.00,3.6315
TCT/AGG,59.7,58.48,3.6407
GCC/CTG,59.7,58.10,3.6335
GTG/GAC,59.6,59.89,3.6677
CGA/GAT,59.6,59.39,3.6581
TCG/CGC,59.6,59.77,3.6654
TTG/TAC,59.5,58.65,3.6440
TCA/AGG,59.5,58.42,3.6396
TCG/AGA,59.5,58.84,3.6477
GTG/CCC,59.4,58.47,3.6406
CTT/GAG,59.4,59.13,3.6532
TGA/AAG,59.3,58.07,3.6329
AAC/GTG,59.3,57.66,3.6251
GCC/CAG,59.3,60.08,3.6714
CAG/GTT,59.3,60.06,3.6710
CAG/GCC,59.2,59.66,3.6633
ACC/CGG,59.2,58.18,3.6351
CGC/GCT,59.1,59.98,3.6695
AGC/CCG,59.1,60.02,3.6703
GAG/GTC,59.0,58.20,3.6354
TGG/AAC,59.0,58.42,3.6396
CGG/ACC,59.0,59.66,3.6633
TCG/TGC,59.0,59.50,3.6602
GTT/CAG,58.9,59.78,3.6657
CGG/TCC,58.9,59.51,3.6605
GCC/CGA,58.9,61.84,3.7050
CCA/GGC,58.9,59.94,3.6688
GAA/CTG,58.9,61.29,3.6945
ACC/AGG,58.8,58.54,3.6420
AGC/TTG,58.7,58.54,3.6420
CCT/GGC,58.7,59.33,3.6571
CGT/GAG,58.7,59.57,3.6616
CTA/GTT,58.7,57.48,3.6217
TTG/ATC,58.6,57.35,3.6193
GAG/AAC,58.6,58.85,3.6479
GTG/AGC,58.6,57.97,3.6311
GAA/CAT,58.6,58.32,3.6377
GAT/AGA,58.5,58.77,3.6462
CCC/GGT,58.5,59.42,3.6588
CTA/GAG,58.5,59.10,3.6527
TCT/GGA,58.4,56.09,3.5951
GAC/GGG,58.4,57.25,3.6173
GGA/CGG,58.4,60.11,3.6719
TGG/GTC,58.3,57.56,3.6233
GGC/CCC,58.3,59.61,3.6624
AGT/GCA,58.3,55.92,3.5918
GCC/CGC,58.3,60.83,3.6858
CTC/GCG,58.3,59.14,3.6535
GCT/TGA,58.2,55.21,3.5783
TAC/ACG,58.1,55.67,3.5871
GGG/AGC,58.1,59.80,3.6661
CGA/GAA,58.0,59.31,3.6566
GGG/CAT,58.0,58.89,3.6487
GTC/CAA,58.0,57.90,3.6296
GTG/CGT,58.0,58.79,3.6466
AGA/ACT,57.9,56.29,3.5989
AAG/AGC,57.9,58.85,3.6479
AGA/TAG,57.9,59.47,3.6596
GAA/ATT,57.9,55.36,3.5812
AAC/CTG,57.8,55.35,3.5809
AGA/TCA,57.8,56.73,3.6074
GGG/ATC,57.8,59.82,3.6665
AAG/TTG,57.8,56.36,3.6003
TTG/AAA,57.7,55.09,3.5759
ATA/GAT,57.7,54.14,3.5578
TAG/ATA,57.6,54.63,3.5672
GGG/CAG,57.6,58.44,3.6401
GGC/TTG,57.6,56.70,3.6068
AAA/GTT,57.6,54.61,3.5668
GAT/ATA,57.5,53.57,3.5468
TAG/AAC,57.5,56.69,3.6065
GGG/CGG,57.5,58.21,3.6355
TGT/ACT,57.5,56.01,3.5936
AGG/CCC,59.0,59.66,3.6633
CGA/GGT,59.0,58.38,3.6390
TCC/TGG,58.9,58.00,3.6315
CGC/CCG,58.9,59.53,3.6609
ACT/GGA,58.9,56.20,3.5972
AAC/GGG,58.9,57.36,3.6194
TTC/TAG,58.8,58.65,3.6440
CCC/GTG,58.8,56.94,3.6114
GCT/AGA,58.7,57.17,3.6157
TAG/TTC,58.7,57.36,3.6194
GGC/TAG,58.7,56.99,3.6122
TGA/ACA,58.6,56.73,3.6074
GGA/CAA,58.6,58.99,3.6506
GTG/AAC,58.6,60.84,3.6859
AGA/TCG,58.6,58.44,3.6399
GTT/CAT,58.6,58.63,3.6436
CTG/GAG,58.5,57.97,3.6310
GGT/GCA,58.5,55.55,3.5848
CAA/GTG,58.5,60.55,3.6804
GTC/AGG,58.4,58.08,3.6332
AAG/CGC,58.4,58.54,3.6418
AAT/TTG,58.4,56.80,3.6086
AGG/TGC,58.3,59.89,3.6677
TAC/AAG,58.3,56.73,3.6074
GTT/CGA,58.3,58.46,3.6405
ATG/TTC,58.3,58.65,3.6440
TGC/ACA,58.2,55.67,3.5871
CGC/GCC,58.2,59.61,3.6624
GTA/ATG,58.1,54.86,3.5716
ATT/TAG,58.1,55.37,3.5813
GTA/CAG,58.0,59.76,3.6652
CTT/GAT,58.0,57.96,3.6308
GTA/CAC,58.0,57.90,3.6296
TAA/GTT,57.9,55.01,3.5744
CTT/GTA,57.9,57.07,3.6139
AAG/ATC,57.9,56.69,3.6065
GCA/ACG,57.9,55.23,3.5786
GGG/CTG,57.8,60.09,3.6715
CAA/GAT,57.8,56.75,3.6078
TGT/TCA,57.8,54.71,3.5688
GTG/CAG,57.8,58.63,3.6436
GTA/CCT,57.7,57.10,3.6144
CTT/GGA,57.7,57.28,3.6179
TGA/ACC,57.6,56.59,3.6046
GGG/AAC,57.6,58.73,3.6456
GGC/GGG,57.6,56.71,3.6069
CCA/AGT,57.6,56.04,3.5942
CAC/GTT,57.6,58.23,3.6359
GTT/CGG,57.5,58.36,3.6384
GTG/GGC,57.5,57.24,3.6170
GCA/ATG,57.5,56.06,3.5946
GCA/CTT,57.5,56.25,3.5982
CAA/GCT,57.5,56.17,3.5965
AGA/TCC,57.4,56.59,3.6046
GTT/TAA,57.4,54.98,3.5738
GGG/CGA,57.4,58.53,3.6417
AAG/TGC,57.4,60.84,3.6859
GAT/CGG,57.4,58.13,3.6341
TTA/AAG,57.4,55.09,3.5759
GGG/TTC,57.3,56.99,3.6122
CCC/CGG,57.3,58.20,3.6354
GAA/GTT,57.3,54.38,3.5624
TTT/AAG,57.3,55.11,3.5763
GAT/AGT,57.2,57.35,3.6191
CGG/GTA,57.2,57.92,3.6302
CCC/GGC,57.2,59.20,3.6546
GAT/CTC,57.2,59.72,3.6644
GTA/CGG,57.2,58.74,3.6457
TTG/AAT,57.2,55.11,3.5763
CGT/GAC,57.1,57.68,3.6255
CGT/GAT,57.1,58.79,3.6468
TTG/ACC,57.1,55.71,3.5879
GGG/GTC,57.1,57.71,3.6260
CAA/GCG,57.1,56.95,3.6115
GGT/CTG,57.1,56.39,3.6008
CAT/GTC,57.1,58.23,3.6361
TGT/ATA,57.0,54.79,3.5702
TTC/ATG,57.0,56.01,3.5936
GGG/TAC,57.0,57.32,3.6186
TAG/GGC,57.0,59.82,3.6665
GGA/CTG,57.0,58.48,3.6407
TGC/GGG,57.0,57.77,3.6273
AGA/TTT,57.0,56.03,3.5939
CGT/TCA,56.9,52.57,3.5278
CAA/GTA,56.9,59.09,3.6524
AAC/TCG,56.9,57.22,3.6168
AGC/GGG,56.9,56.63,3.6054
ACA/AGT,56.9,54.54,3.5654
TTC/ACG,56.9,54.81,3.5706
TAG/ATG,56.8,54.32,3.5613
GTT/CAC,56.8,57.41,3.6204
ATA/TAG,56.8,55.35,3.5809
CGA/GGG,56.8,58.67,3.6445
CAG/ATC,56.8,55.57,3.5851
CTC/TAG,56.7,56.58,3.6044
GGG/CTA,56.7,59.48,3.6599
CAT/GGG,56.7,57.01,3.6126
CCC/TGG,56.7,56.94,3.6114
GGT/CAC,56.7,56.30,3.5992
TGA/AGT,56.6,53.98,3.5547
CTG/AAC,56.6,57.09,3.6143
GGT/CAG,56.6,58.52,3.6416
CAA/GGG,56.6,57.37,3.6195
ACT/TGG,56.6,58.03,3.6322
GTC/CAT,57.4,57.41,3.6204
TCC/AAG,57.4,56.59,3.6046
AGT/ACA,57.4,53.40,3.5437
GAA/CTA,57.4,60.54,3.6802
GAT/AGG,57.4,57.85,3.6286
CAC/TTG,57.4,54.91,3.5725
GAC/TGG,57.3,55.93,3.5919
CAA/GAG,57.3,57.32,3.6186
ATG/TAT,57.3,55.37,3.5813
AAG/TTT,57.3,56.03,3.5939
CGG/GTG,57.3,57.12,3.6147
CGA/GTG,57.2,56.87,3.6100
TCG/AAC,57.2,56.15,3.5963
GTG/ATC,57.2,56.84,3.6094
GGG/ACG,57.2,56.65,3.6057
TAC/CTG,57.2,54.83,3.5710
TAA/AGT,57.2,55.09,3.5759
AGG/GTC,57.1,56.88,3.6101
CTG/GGT,57.1,57.60,3.6240
CCG/TGC,57.1,58.47,3.6406
GCC/AAG,57.1,57.43,3.6206
CGT/GGG,57.1,57.95,3.6307
GCG/GGT,57.1,56.96,3.6117
CGG/GAT,57.0,59.92,3.6684
TGC/ACT,57.0,54.81,3.5706
AGT/TAA,57.0,56.07,3.5947
AAG/GGC,57.0,58.73,3.6456
CAG/TTC,57.0,55.71,3.5879
CTA/GCT,57.0,55.60,3.5857
CGA/ACT,57.0,55.64,3.5865
CAT/GAA,56.9,55.92,3.5918
GGG/TCA,56.9,57.41,3.6204
CTG/TAC,56.9,56.58,3.6044
GGG/TCG,56.9,56.99,3.6122
GTA/AAT,56.9,55.33,3.5805
GGT/AAA,56.9,54.64,3.5674
TTA/AGT,56.9,55.11,3.5763
GGC/GTG,56.8,56.34,3.5999
TTG/GGC,56.8,56.99,3.6123
ATG/TAG,56.8,54.24,3.5598
GCG/AGT,56.8,57.23,3.6169
TGC/GAG,56.8,56.53,3.6035
ATT/GAA,56.7,54.14,3.5578
GAG/TAC,56.7,56.86,3.6097
GCT/GGG,56.7,56.49,3.6026
TCA/TGT,56.7,54.00,3.5551
TGG/GAC,56.7,56.88,3.6101
TAG/ATT,56.6,53.99,3.5549
AGG/GAC,56.6,56.43,3.6015
GCA/CCG,56.6,55.71,3.5878
TCA/CGT,56.6,55.14,3.5769
GTA/AGT,56.6,55.55,3.5847
TGG/TTC,56.6,56.17,3.5967
GAT/GTA,56.5,52.54,3.5272
GTT/GAA,56.5,54.35,3.5619
GTT/CTA,56.5,57.14,3.6151
GAG/ACC,56.5,58.24,3.6362
ACC/TAG,56.5,57.13,3.6150
TTA/TAT,56.5,53.10,3.5379
AAA/TTG,56.4,56.51,3.6032
CTG/GGG,56.4,57.12,3.6147
GGG/ACT,56.4,56.46,3.6022
TGC/TTG,56.4,55.20,3.5780
GAC/AGA,56.3,56.18,3.5968
GCA/GCG,56.3,54.76,3.5697
TCC/ATG,56.3,55.59,3.5855
TGG/TCA,56.3,55.90,3.5914
CTC/AAG,56.3,57.09,3.6143
AGG/GCT,56.2,56.46,3.6022
TTA/AAA,56.2,54.10,3.5570
GAA/AGA,56.2,56.12,3.5956
GGG/GAC,56.2,56.65,3.6057
CAG/AGC,56.2,58.24,3.6362
CCA/GTG,56.2,55.00,3.5742
CAG/GCT,56.2,56.51,3.6031
AGG/GCA,56.1,57.08,3.6140
TAG/ACC,56.1,55.56,3.5850
GGG/GGC,56.1,56.86,3.6097
GAT/AAG,56.1,55.23,3.5787
GGT/TCG,56.1,56.33,3.5997
CTT/GGG,56.1,57.16,3.6155
ATA/TTT,56.1,55.34,3.5806
AGG/ATC,56.0,56.62,3.6053
GTT/AAA,56.0,55.33,3.5805
GCT/CTA,56.0,55.49,3.5836
GAA/CCG,56.0,57.32,3.6186
CTA/GGG,56.0,58.66,3.6443
GTA/CTG,56.0,56.96,3.6117
TGT/AGA,55.9,54.32,3.5613
AGG/CAC,55.9,53.94,3.5540
GCG/CCG,55.9,55.68,3.5872
TGC/ACC,55.9,54.49,3.5646
TAC/GAG,55.8,55.48,3.5834
GCG/AGA,55.8,57.10,3.6144
CCT/GTA,55.8,54.92,3.5727
GCG/ACG,55.8,53.76,3.5505
GGA/AAT,55.8,55.82,3.5900
AGA/TGT,55.8,56.36,3.6003
CGT/GTG,55.7,54.90,3.5724
AGT/CCA,55.7,52.72,3.5307
GGA/GCC,55.7,53.63,3.5480
GTG/GTC,55.7,53.74,3.5501
TGT/GCG,55.7,56.33,3.5997
TCG/GGT,55.7,56.15,3.5963
TTG/AAG,56.6,53.97,3.5546
ATC/GGG,56.5,57.42,3.6205
GGG/ACA,56.5,57.08,3.6140
ATG/AAC,56.5,57.54,3.6228
AAG/TCC,56.5,57.09,3.6143
GCA/GGG,56.5,56.09,3.5951
TCC/AGT,56.5,55.71,3.5878
GGT/ATA,56.4,55.31,3.5802
CAC/CTG,56.4,53.87,3.5526
ACG/GGT,56.4,56.27,3.5985
GGC/AGA,56.4,55.02,3.5746
CTA/GAC,56.3,57.22,3.6166
CAG/GGG,56.3,56.95,3.6115
CTC/GAT,56.3,56.73,3.6074
AGT/TCC,56.3,55.59,3.5855
CAT/GAG,56.2,56.14,3.5961
GGA/AGT,56.2,55.90,3.5915
CTC/GAA,56.2,57.22,3.6166
TCC/AGA,56.2,55.56,3.5850
TAG/GAC,56.2,56.62,3.6053
GGG/TGC,56.2,57.24,3.6170
CAG/GAT,56.2,56.33,3.5997
GTA/CGA,56.1,56.79,3.6085
CTT/GCA,56.1,54.72,3.5689
ATG/AGC,56.1,56.86,3.6097
ATG/GTC,56.1,55.95,3.5924
CCA/GAG,56.1,56.92,3.6110
CAC/AGG,56.1,56.22,3.5976
GCA/CTG,56.1,55.39,3.5816
GGT/AGA,56.0,54.71,3.5686
GGC/AAA,56.0,55.05,3.5752
ATG/TAA,56.0,55.35,3.5809
TAT/TTA,56.0,51.62,3.5096
GCG/AGG,56.0,56.14,3.5960
CGA/CCT,56.0,55.23,3.5787
GGC/CGA,55.9,56.12,3.5956
CGG/GGA,55.9,57.04,3.6133
GAA/AGC,55.9,55.96,3.5925
AGA/CGG,55.9,54.33,3.5615
CAG/CTC,55.9,54.68,3.5682
ATC/TCG,55.8,56.18,3.5968
CAG/GGA,55.8,56.76,3.6079
CTG/GTA,55.8,55.88,3.5911
ACG/TGG,55.8,57.42,3.6205
CCA/GCT,55.8,54.55,3.5655
TAA/AAT,55.8,54.10,3.5570
GTT/CGT,55.7,56.62,3.6053
AGC/TCA,55.7,55.67,3.5871
GTG/GCC,55.7,54.01,3.5553
ACG/TTC,55.7,56.39,3.6008
TAA/ATG,55.7,54.49,3.5644
GAG/GCC,55.7,56.69,3.6065
TAT/AAA,55.6,52.98,3.5357
GGG/GCA,55.6,56.72,3.6072
TAG/TAC,55.6,56.09,3.5950
GTG/TCC,55.6,54.31,3.5610
AGA/AGG,55.6,55.47,3.5832
CAT/GAT,55.6,55.87,3.5910
GTA/CTA,55.6,56.12,3.5956
CTG/GTT,55.6,56.30,3.5990
TGG/TCT,55.6,55.28,3.5795
GGA/CGA,55.5,56.49,3.6026
ATC/AGG,55.5,55.30,3.5799
TGA/AAA,55.5,53.76,3.5505
CTG/CAC,55.5,55.29,3.5798
GTG/ACC,55.5,56.22,3.5975
GCG/ATC,55.5,56.76,3.6079
TTA/ACT,55.5,52.78,3.5317
GAG/AAG,55.4,55.45,3.5829
AAA/CTT,55.4,52.21,3.5209
CTA/GGA,55.4,56.51,3.6032
CGA/GAC,55.4,58.31,3.6374
TAG/GCC,55.4,56.03,3.5939
GAC/CTC,55.4,58.13,3.6341
GGG/GCG,55.4,56.29,3.5989
GGT/CGT,55.4,56.89,3.6104
CGG/CGC,55.4,55.53,3.5844
TCC/ACG,55.3,54.49,3.5646
TGA/GCG,55.3,56.26,3.5983
GTG/CCA,55.3,55.93,3.5919
ACG/TAC,55.3,56.17,3.5967
GGA/CTC,55.3,56.38,3.6006
GGT/AAG,55.3,54.97,3.5737
ATC/ATG,55.3,54.41,3.5629
GAC/CGT,55.3,55.50,3.5837
CTG/AGC,55.3,56.87,3.6100
AGG/GCG,55.3,56.65,3.6057
TGC/CGG,55.3,54.88,3.5720
TTT/AGA,55.2,53.99,3.5549
TGA/TAG,55.2,55.22,3.5784
CGT/GTT,55.2,55.90,3.5914
AGG/TAA,55.2,54.93,3.5728
GGA/TCC,55.2,54.35,3.5619
CAC/GTC,55.2,56.60,3.6049
ACA/GGG,55.2,55.39,3.5818
TTT/AAT,55.2,53.97,3.5546
GTC/CGA,55.1,56.09,3.5950
AAA/TAT,55.1,55.07,3.5756
TTT/TAA,55.1,53.10,3.5379
GGA/ACC,55.1,54.00,3.5551
GCC/ATG,55.1,56.09,3.5951
GGA/ATT,55.1,55.90,3.5914
GGA/ATA,55.0,54.08,3.5565
AGG/TAG,55.0,55.55,3.5848
CCT/GAA,55.6,55.46,3.5830
AAT/GTA,55.6,52.80,3.5321
GCG/ACC,55.6,56.88,3.6101
GTG/TTC,55.6,54.13,3.5577
GCG/GGG,55.6,55.86,3.5907
CAT/GGT,55.6,55.78,3.5892
GAG/TCC,55.6,56.87,3.6100
CCT/AGA,55.6,53.97,3.5546
GGA/AAA,55.5,55.49,3.5836
CCA/AGG,55.5,53.14,3.5386
AGC/GTG,55.5,55.52,3.5841
TGT/AAA,55.5,54.49,3.5644
CGC/GAC,55.5,56.86,3.6097
TGT/ACC,55.5,55.59,3.5855
GCG/CTG,55.5,55.91,3.5917
TTA/ATT,55.5,53.97,3.5546
GAG/CCG,55.4,56.46,3.6022
GAA/CGA,55.4,56.28,3.5986
TCG/GGA,55.4,56.02,3.5937
TCG/GAC,55.4,55.79,3.5894
CAG/CGC,55.4,56.88,3.6101
CAG/GAG,55.4,55.22,3.5784
GGA/TAT,55.4,53.90,3.5532
TAA/ATA,55.4,52.98,3.5357
GAG/CAT,55.4,56.62,3.6053
TAT/ATT,55.3,53.26,3.5411
TGG/AAA,55.3,53.38,3.5432
CAT/GCA,55.3,54.49,3.5646
CGA/AGC,55.3,53.08,3.5375
CGT/GTC,55.3,55.26,3.5791
GAC/GAG,55.3,54.69,3.5683
GGG/AGT,55.3,55.63,3.5862
TAA/CTT,55.3,51.66,3.5103
TGG/CTC,55.3,55.17,3.5776
AGT/GCG,55.3,55.98,3.5931
CGC/GAT,55.3,57.45,3.6211
TCC/AGC,55.2,54.68,3.5682
GTG/CTG,55.2,55.20,3.5781
GAC/AAA,55.2,53.61,3.5477
TGT/CCA,55.2,52.57,3.5278
GGC/CGC,55.2,57.18,3.6159
TAA/ACG,55.2,52.94,3.5348
GGA/TTT,55.2,53.90,3.5532
TTC/CAG,55.1,56.39,3.6008
GGT/ACC,55.1,52.96,3.5353
CGC/AGG,55.1,56.06,3.5944
AGT/TGA,55.1,56.70,3.6067
GGT/GCG,55.1,55.63,3.5862
ATA/AAT,55.1,51.98,3.5164
CAA/TTT,55.1,51.74,3.5120
GGT/TTA,55.0,52.98,3.5355
AGT/TAG,55.0,54.28,3.5605
TCA/GGG,55.0,55.28,3.5795
GTA/GGT,55.0,53.96,3.5543
AGG/ACG,55.0,54.16,3.5582
CTC/GAC,55.0,56.10,3.5953
GAA/CAG,55.0,57.50,3.6220
ATC/GTG,55.0,55.61,3.5859
CAC/GGT,55.0,54.37,3.5622
TTA/AAC,55.0,53.25,3.5408
GTT/CTG,55.0,54.93,3.5728
GGA/ACA,54.9,54.15,3.5580
TAT/CTA,54.9,49.69,3.4726
TGT/AAG,54.9,53.74,3.5502
GTA/CCG,54.9,55.90,3.5914
CTG/GTG,54.9,53.03,3.5365
GCG/CCT,54.9,54.96,3.5735
CGC/CGG,54.9,55.99,3.5932
GTT/AAG,54.8,55.00,3.5742
GTC/GTG,54.8,54.24,3.5598
GCT/CCA,54.8,54.26,3.5601
CGG/AAC,54.8,54.35,3.5617
GAC/AGC,54.8,54.96,3.5735
GAT/CCG,54.8,54.67,3.5679
GCT/CTG,54.8,53.91,3.5535
TGG/CGC,54.8,55.89,3.5912
GGC/ATA,54.7,52.66,3.5295
GTA/ACT,54.7,53.70,3.5494
GTC/CGT,54.7,55.77,3.5889
CAG/GCA,54.7,56.35,3.6001
AAA/TTA,54.7,55.07,3.5756
CGA/CGC,54.7,54.35,3.5617
GTG/CCG,54.7,54.87,3.5717
CCA/TGT,54.7,52.98,3.5355
GAT/CAT,54.7,56.27,3.5985
AGT/ACG,54.7,53.48,3.5451
GTG/AGT,54.7,54.47,3.5641
CCC/CAT,54.6,54.85,3.5713
GGA/GTT,54.6,53.39,3.5434
AAT/TAA,54.6,53.99,3.5549
GTT/AGA,54.6,54.46,3.5639
GAG/ATA,54.6,54.57,3.5660
TTG/GCC,54.6,53.82,3.5518
AGA/ACG,54.6,53.41,3.5439
CAG/GCG,54.6,55.55,3.5848
GCT/TGG,54.6,54.79,3.5702
GTT/CGC,54.6,55.38,3.5815
AGG/CCT,54.6,53.31,3.5419
GTA/ATA,54.5,53.77,3.5506
TTG/TCC,54.5,54.47,3.5641
GTG/AAT,54.5,55.00,3.5742
GGT/ATT,54.5,53.15,3.5389
GTT/ATA,54.5,54.22,3.5594
CGC/AGC,54.5,53.33,3.5423
ACC/TTG,55.0,56.86,3.6097
CGG/ATC,55.0,56.03,3.5939
AGG/ACA,55.0,54.61,3.5668
GCG/GCC,55.0,55.53,3.5844
TGT/AGG,55.0,54.06,3.5563
GCG/AAT,55.0,54.06,3.5563
CTT/GGT,55.0,56.15,3.5963
GTA/AAA,55.0,53.99,3.5549
AGC/TCT,55.0,54.81,3.5706
ACG/GGA,54.9,56.14,3.5960
AAG/GCC,54.9,54.34,3.5616
GCC/TAG,54.9,54.45,3.5637
ACG/GGG,54.9,55.16,3.5773
GCG/CAT,54.9,54.93,3.5730
CCG/GCT,54.9,55.68,3.5872
GAT/ATG,54.9,54.71,3.5688
GTT/AGG,54.8,54.22,3.5594
TTC/GTG,54.8,56.21,3.5974
ACT/CGA,54.8,52.04,3.5177
CGG/TAC,54.8,54.16,3.5581
AAT/TTC,54.8,54.24,3.5596
TGG/TCG,54.8,55.46,3.5830
TTA/CAT,54.8,50.81,3.4941
TGG/AAT,54.8,54.35,3.5619
GGC/CTA,54.7,55.29,3.5798
CTG/GCT,54.7,54.94,3.5731
TAC/CGG,54.7,54.53,3.5653
CAC/GGA,54.7,53.60,3.5474
TAG/TCC,54.7,55.45,3.5829
GTA/ATC,54.7,53.96,3.5544
GGA/TCG,54.7,56.26,3.5983
TCA/ATT,54.7,52.78,3.5317
GCA/AGA,54.7,54.57,3.5661
GAC/TCG,54.7,54.68,3.5681
CGT/GGT,54.7,55.85,3.5904
TAA/AAG,54.6,53.76,3.5505
ATT/AAA,54.6,51.98,3.5164
GGT/TAA,54.6,52.73,3.5309
CAA/GGA,54.6,55.47,3.5833
GTG/CTA,54.6,57.04,3.6132
GGA/AGC,54.6,55.84,3.5903
AGA/CCG,54.6,52.73,3.5309
CCG/GCG,54.6,56.14,3.5961
GAT/TTG,54.6,54.84,3.5711
GTT/TAG,54.6,54.65,3.5675
TGG/ATA,54.6,52.90,3.5340
TAA/AGG,54.5,53.38,3.5432
CGC/TTG,54.5,52.93,3.5347
GTG/TAT,54.5,54.65,3.5675
CCG/GAA,54.5,55.62,3.5861
ATT/TTA,54.5,54.64,3.5674
GTG/TGC,54.5,54.03,3.5557
GAA/GAG,54.5,53.43,3.5443
GAA/GGT,54.5,54.65,3.5675
AGC/ATG,54.4,55.47,3.5832
GTT/CTT,54.4,54.93,3.5730
GCG/CAA,54.4,54.53,3.5653
GCC/AGA,54.4,53.42,3.5440
TGT/GTA,54.4,52.67,3.5296
ATG/GCC,54.4,54.16,3.5581
GCG/AAG,54.4,53.49,3.5453
AGA/GCG,54.4,55.92,3.5918
CTT/GTG,54.4,53.30,3.5418
CAA/ATT,54.4,51.59,3.5090
GAC/GCG,54.4,53.99,3.5550
CGC/GGT,54.4,55.60,3.5857
CAG/TCC,54.3,54.41,3.5630
AAC/TTA,54.3,53.98,3.5547
TTG/CGC,54.3,55.03,3.5748
TCG/GTC,54.3,55.17,3.5776
CCA/GCG,54.3,56.04,3.5942
GCA/TGG,54.3,54.39,3.5626
CTT/GTT,54.3,55.42,3.5822
CGC/CTG,54.3,54.59,3.5664
AGA/GTT,54.3,52.52,3.5268
GTA/CCA,54.2,53.79,3.5511
GAC/CAA,54.2,54.68,3.5682
TTA/ATA,54.2,52.10,3.5188
GTC/CGC,54.2,55.45,3.5829
TGC/TGG,54.2,53.25,3.5408
GGT/ACT,54.2,53.40,3.5437
TGC/CGA,54.2,51.52,3.5077
GTT/GAG,54.1,54.03,3.5557
AGG/ACT,54.1,53.98,3.5547
CTG/GCA,54.1,55.66,3.5868
ATT/TAC,54.1,53.06,3.5371
GAC/CGC,54.1,54.07,3.5564
GTG/ACG,54.1,52.48,3.5261
TGT/TCG,54.1,54.79,3.5702
GCC/GTG,54.1,54.29,3.5606
CAA/CTT,54.1,50.62,3.4906
TAC/GCG,54.1,53.81,3.5515
CGG/CCT,54.0,52.88,3.5337
AAA/GGT,54.0,53.39,3.5434
TAG/AGT,54.0,51.97,3.5163
TCT/AAA,54.0,52.17,3.5201
CCG/GTA,54.0,54.78,3.5700
ATA/TAC,54.0,53.52,3.5460
AAA/TTC,54.0,54.30,3.5608
GTG/TAG,54.0,53.52,3.5460
AAA/CGG,54.0,53.23,3.5403
ATG/GAT,54.0,53.80,3.5513
TGG/ATT,54.0,52.77,3.5316
ATT/GAG,54.0,53.80,3.5513
TCG/GGG,54.5,55.04,3.5751
GTA/AGA,54.4,53.59,3.5473
CGC/ATG,54.4,54.78,3.5700
GTA/TTT,54.4,51.95,3.5160
CAA/GAA,54.4,55.28,3.5795
CGA/GGA,54.4,55.61,3.5859
GAG/TTA,54.4,54.69,3.5683
GCG/TCC,54.4,55.61,3.5859
GCA/CAG,54.4,55.87,3.5910
GTC/GCG,54.4,53.96,3.5543
ATA/CAT,54.4,50.59,3.4898
TTA/AGG,54.4,54.35,3.5619
TCA/AAT,54.4,53.25,3.5408
TGA/ATG,54.3,53.74,3.5502
GAA/ATA,54.3,52.92,3.5344
TAG/CAC,54.3,52.91,3.5343
CAA/GGC,54.3,54.57,3.5661
AAC/AAG,54.3,53.85,3.5522
GGA/GCG,54.3,55.56,3.5850
GAG/TTG,54.3,54.39,3.5626
TCT/ATA,54.3,52.11,3.5190
GGA/TCA,54.3,54.50,3.5647
TTG/AGA,54.2,51.97,3.5163
TTT/AGG,54.2,52.77,3.5316
AGA/TAA,54.2,54.91,3.5725
CAA/GAC,54.2,54.87,3.5718
CGC/GTC,54.2,55.04,3.5751
CAC/GAT,54.2,52.92,3.5345
ATA/GGT,54.2,53.02,3.5364
GGC/TCA,54.2,53.40,3.5437
GTG/GAT,54.1,54.03,3.5557
CCT/GTT,54.1,53.81,3.5515
TCT/TGA,54.1,51.86,3.5143
TCG/TAC,54.1,54.94,3.5731
CGG/CTC,54.1,54.98,3.5739
CAT/GCG,54.1,53.88,3.5529
AGC/AGG,54.1,55.17,3.5774
AGA/GAT,54.1,52.78,3.5319
TGA/GCA,54.1,54.50,3.5647
GGT/GTA,54.0,52.51,3.5266
GTT/AGT,54.0,52.97,3.5354
ACA/TTT,54.0,54.23,3.5595
GCG/AAA,54.0,55.23,3.5787
CAC/GAA,54.0,53.54,3.5463
CTC/GTA,54.0,54.89,3.5721
GGT/AGC,54.0,54.34,3.5616
GTG/AAG,54.0,53.87,3.5526
GCT/GCG,54.0,53.20,3.5398
CAC/CGG,54.0,54.85,3.5714
CTA/TAT,54.0,51.00,3.4977
TTG/ATA,54.0,51.44,3.5061
TGG/GAG,54.0,54.04,3.5558
GAT/TAA,54.0,52.24,3.5214
GGT/AAC,54.0,52.91,3.5343
AGG/CCG,54.0,53.49,3.5454
GGC/ACC,53.9,51.80,3.5131
GAA/CCA,53.9,55.06,3.5755
AAT/TGA,53.9,56.07,3.5947
AGC/TCC,53.9,54.49,3.5646
ATG/CTC,53.9,54.94,3.5731
GCT/AAG,53.9,54.12,3.5574
AAC/ACG,53.9,51.73,3.5117
AGT/TGG,53.9,54.81,3.5706
GGA/TGT,53.9,53.12,3.5382
TGG/CCT,53.9,53.15,3.5389
GAT/CCT,53.8,54.85,3.5713
GGA/AAC,53.8,54.45,3.5637
GCG/CCA,53.8,54.40,3.5627
TAG/AGA,53.8,51.18,3.5011
AAG/CAC,53.8,52.61,3.5286
GAA/CGC,53.8,55.42,3.5822
GAT/TAG,53.8,52.87,3.5334
TCC/GTG,53.8,53.93,3.5537
TGA/GGT,53.8,53.15,3.5388
TCC/TAG,53.7,54.42,3.5631
TGA/ATA,53.7,52.01,3.5171
CTT/TAA,53.7,51.00,3.4977
TGA/TCA,53.7,52.91,3.5343
CAG/AAC,53.7,53.94,3.5539
CTT/GTC,53.7,54.55,3.5657
GGG/AAG,53.7,54.34,3.5616
GAA/GCT,53.7,52.64,3.5290
CTG/TTC,53.7,54.46,3.5640
GCC/AAA,53.6,52.55,3.5273
TTT/CAA,53.6,50.81,3.4941
ATG/ACC,53.6,53.81,3.5515
GGC/AGC,53.6,53.78,3.5509
ACG/GTC,53.6,54.31,3.5610
CAC/ACG,53.6,53.26,3.5411
GAA/TAT,53.6,52.90,3.5341
TGC/GCA,53.6,53.40,3.5437
TGG/CCG,53.6,53.34,3.5425
TAT/GTG,53.6,54.36,3.5620
GTG/ATT,53.6,53.60,3.5474
TCA/AAG,53.6,52.42,3.5249
TGA/GAC,53.5,53.31,3.5419
TTA/GGT,53.5,53.18,3.5395
CCG/GCA,53.5,54.75,3.5695
ACA/TGA,53.5,55.89,3.5912
AAC/GCG,53.5,51.86,3.5143
TGC/CGT,53.5,51.10,3.4997
GTA/AAC,53.4,53.14,3.5386
GTA/TCT,53.4,51.33,3.5040
CGG/CCG,53.4,53.07,3.5372
GTA/ACA,54.0,51.89,3.5147
GCA/CAC,54.0,54.32,3.5613
TTG/AGG,54.0,52.84,3.5329
CAA/AGT,53.9,52.95,3.5350
CGC/CGA,53.9,54.10,3.5570
CCA/GAC,53.9,54.86,3.5716
CAC/GGC,53.9,52.96,3.5353
GCG/TTC,53.9,55.03,3.5748
ACC/GAG,53.9,52.83,3.5327
AAA/AGG,53.9,52.98,3.5355
GGG/AAT,53.9,54.68,3.5681
CGC/GTT,53.9,54.15,3.5580
CGC/AAG,53.8,53.68,3.5489
AGA/GGT,53.8,52.98,3.5355
ATT/CAA,53.8,50.59,3.4898
ATT/TCA,53.8,53.59,3.5473
GCT/ATA,53.8,53.12,3.5384
CCT/GAC,53.8,54.17,3.5584
CCA/GTC,53.8,53.91,3.5535
AAA/ACG,53.8,53.69,3.5492
TAA/GAT,53.8,52.56,3.5276
GAT/CAC,53.7,55.36,3.5811
GAG/ACG,53.7,54.02,3.5554
GGG/ATG,53.7,54.52,3.5650
AGG/CCA,53.7,53.95,3.5542
GCG/TGA,53.7,55.15,3.5770
TCG/GCC,53.7,54.98,3.5739
AAA/AAG,53.7,52.90,3.5340
ATA/TTG,53.7,54.61,3.5668
GAA/TCT,53.7,52.34,3.5234
GTT/CCG,53.7,54.08,3.5567
GGG/AAA,53.6,54.85,3.5714
CGG/CCA,53.6,53.53,3.5461
GAT/AGC,53.6,55.06,3.5753
GAT/CGC,53.6,54.29,3.5606
GTA/GAG,53.6,54.01,3.5553
GAT/ACG,53.6,53.15,3.5389
GAC/CCT,53.6,53.49,3.5453
GGC/AAC,53.6,52.86,3.5333
GTT/ATG,53.6,52.92,3.5344
CCG/AGT,53.6,54.04,3.5558
CTC/GTT,53.6,54.22,3.5594
GGA/GGT,53.5,52.89,3.5338
GTA/CCC,53.5,54.13,3.5577
AGA/CTT,53.5,52.54,3.5272
CCT/GCA,53.5,52.87,3.5334
CAT/GAC,53.5,53.85,3.5523
TGA/TCG,53.5,54.72,3.5689
GCG/CTT,53.5,55.17,3.5776
TAA/GAG,53.4,53.53,3.5461
GGC/CTT,53.4,54.06,3.5563
AGA/ATG,53.4,52.91,3.5343
CTT/AAA,53.4,51.52,3.5077
ACG/GAC,53.4,53.94,3.5540
GGC/TCC,53.4,52.17,3.5201
TTA/ATG,53.4,53.09,3.5378
GCT/CAT,53.4,53.82,3.5516
TCT/GGT,53.4,54.16,3.5582
TTA/GTT,53.4,52.21,3.5208
GGA/GCA,53.3,53.78,3.5509
ACT/GGT,53.3,54.27,3.5603
GAA/ACA,53.3,52.54,3.5272
GAG/GTA,53.3,53.57,3.5470
CAG/CCC,53.3,54.06,3.5563
TCG/CTC,53.3,54.06,3.5563
CTA/GCG,53.3,55.62,3.5861
TGT/ATG,53.3,52.29,3.5225
GTG/ATG,53.3,53.43,3.5442
GTC/AAT,53.3,52.67,3.5296
CGA/AGT,53.3,52.36,3.5238
AGA/ATT,53.3,52.38,3.5241
GAG/CAG,53.2,55.56,3.5850
TAG/ACA,53.2,51.33,3.5040
TAT/GGA,53.2,53.11,3.5381
CAC/GAC,53.2,52.16,3.5199
CCT/GTC,53.2,53.16,3.5391
TGG/AGG,53.2,52.67,3.5296
GCG/GCT,53.2,53.88,3.5529
ATG/TGT,53.2,54.24,3.5598
TAT/AAG,53.2,52.01,3.5171
CGT/AGA,53.1,50.65,3.4910
AGT/GCT,53.1,53.40,3.5437
GTG/AGA,53.1,55.34,3.5808
ATT/TGA,53.1,55.71,3.5879
GCT/AGC,53.1,53.49,3.5453
CTT/GGC,53.1,54.76,3.5696
TTC/TCG,53.1,52.82,3.5326
TAA/TAT,53.1,52.44,3.5253
CGG/ACG,53.1,53.49,3.5454
GGC/TCT,53.1,52.50,3.5265
GCA/AAC,53.1,53.11,3.5381
AAA/ATG,53.1,51.79,3.5128
GTC/CTT,53.1,53.57,3.5468
GGT/GAA,53.0,51.58,3.5089
TGC/TCA,53.0,51.77,3.5124
GGT/TGA,53.0,51.77,3.5126
AGA/TAC,53.0,53.08,3.5375
TCG/TCC,53.0,53.90,3.5532
TTA/TAG,53.0,52.74,3.5310
ATA/CGG,53.0,51.16,3.5007
CTT/GCT,53.0,53.41,3.5439
GTC/ACA,53.0,50.68,3.4917
TCT/AAG,53.0,51.12,3.5000
CTC/GCT,53.0,53.21,3.5399
CAC/GCA,53.4,52.61,3.5286
CAG/TAC,53.4,53.82,3.5516
GGC/CTC,53.4,55.71,3.5878
CTA/AAT,53.4,51.52,3.5077
CAC/GCT,53.4,52.38,3.5242
GGG/ATT,53.4,54.52,3.5651
ACC/GTG,53.4,53.12,3.5382
GCT/CAC,53.3,53.66,3.5487
GAG/ATT,53.3,53.91,3.5535
GTT/ACA,53.3,52.95,3.5350
TTC/AAC,53.3,52.15,3.5198
CAA/GCC,53.3,52.80,3.5321
TCG/TTC,53.3,54.41,3.5629
CCG/CGG,53.3,50.92,3.4963
GAC/AAT,53.3,53.11,3.5381
AAA/CTG,53.3,51.20,3.5016
TAG/AAT,53.3,52.12,3.5192
AGA/AAT,53.3,52.70,3.5302
TGC/GCT,53.2,52.50,3.5265
GAG/TAG,53.2,51.98,3.5164
CAA/GCA,53.2,54.06,3.5563
CAT/ATA,53.2,49.61,3.4712
TGG/TGC,53.2,53.74,3.5501
ATA/GAG,53.2,53.78,3.5509
CAC/TGG,53.2,54.02,3.5554
AAG/TCT,53.2,53.66,3.5485
ATA/ATT,53.2,51.92,3.5154
TAA/TAG,53.2,52.97,3.5354
AGA/CAG,53.1,54.00,3.5551
GAC/ACA,53.1,51.26,3.5027
TTA/AGA,53.1,52.12,3.5192
TGA/TAC,53.1,51.50,3.5073
GTA/AGC,53.1,52.84,3.5329
GAT/GAG,53.1,52.24,3.5214
CGA/AGG,53.1,54.33,3.5615
GCA/ACT,53.1,52.89,3.5338
TGA/CTT,53.1,51.01,3.4980
TAA/AAA,53.1,51.27,3.5029
CTG/TCC,53.1,53.78,3.5509
GTA/GCT,53.1,52.31,3.5228
TCA/GAG,53.0,52.39,3.5243
TAT/TAA,53.0,51.73,3.5117
ACA/GGA,53.0,53.57,3.5470
AAG/GTA,53.0,53.80,3.5513
CTG/CCC,53.0,53.13,3.5385
ACA/TGC,53.0,55.35,3.5809
TAG/ACG,53.0,50.96,3.4970
TTC/CGG,53.0,53.52,3.5458
GCA/ATT,53.0,53.47,3.5450
TGA/ATC,53.0,51.11,3.4999
GTT/TAT,53.0,53.51,3.5457
GAG/TCT,52.9,52.77,3.5316
GTG/TAA,52.9,54.63,3.5671
AAG/CCC,52.9,53.18,3.5394
CCG/ATC,52.9,54.75,3.5695
GCG/TCG,52.9,51.70,3.5111
GGA/GGG,52.9,52.74,3.5310
CCT/GCT,52.9,52.94,3.5348
TAT/AGT,52.9,51.44,3.5061
TAG/ACT,52.8,51.88,3.5145
TTT/GAG,52.8,52.98,3.5355
AGT/CCG,52.8,52.80,3.5321
GTC/CCT,52.8,52.94,3.5348
GCC/GGA,52.8,53.12,3.5384
GGG/ATA,52.8,54.76,3.5697
CAT/GCC,52.8,52.87,3.5336
GCA/CTC,52.8,53.29,3.5416
TCG/AAG,52.8,51.40,3.5054
TAC/TCG,52.8,53.26,3.5409
GGA/TTG,52.8,51.16,3.5009
ACA/TAT,52.8,53.98,3.5547
AGA/GCC,52.7,53.99,3.5550
ATC/GCG,52.7,53.07,3.5374
CCC/GAA,52.7,54.17,3.5584
AAT/AGA,52.7,52.40,3.5245
TGG/GTA,52.7,52.79,3.5320
GAC/CAC,52.7,53.18,3.5395
GCA/GGC,52.7,53.74,3.5501
TCC/TTG,52.7,53.29,3.5415
CTA/AGT,52.7,51.77,3.5124
CGT/CGA,52.7,50.83,3.4946
AGA/CAT,52.7,52.39,3.5243
GAT/GCT,52.7,52.70,3.5302
GAG/ACA,52.6,53.37,3.5430
CAC/GCC,52.6,50.48,3.4878
ATG/GAG,52.6,52.65,3.5293
AGA/TGG,52.6,55.05,3.5752
ATA/ATG,52.6,51.93,3.5155
TGG/GTG,52.6,53.27,3.5412
GCA/TAT,52.6,51.29,3.5033
GTA/GCA,52.6,51.08,3.4993
GTC/AAC,52.6,52.04,3.5177
TTG/ATT,52.5,51.94,3.5157
TAC/AGA,52.5,51.33,3.5040
CTC/CGG,52.5,54.79,3.5702
AGC/CGT,52.5,51.18,3.5011
TAT/GAA,52.5,51.89,3.5147
GTT/GGA,52.5,52.33,3.5232
TAG/TTA,52.5,52.67,3.5297
CCG/TCC,52.5,53.13,3.5385
AAC/TTC,52.5,52.64,3.5292
AAA/GAG,52.5,53.48,3.5451
ACA/AGG,52.5,51.56,3.5084
CCC/GAT,52.5,54.05,3.5561
TAA/AGA,52.9,51.48,3.5069
GAA/CCC,52.9,54.60,3.5665
TGC/CAG,52.9,53.90,3.5532
CCT/CGG,52.9,51.61,3.5094
CTC/ATG,52.9,53.22,3.5402
ATG/TCT,52.9,53.13,3.5385
AAG/CGT,52.9,52.42,3.5249
GAT/ACT,52.8,52.34,3.5234
CTC/ACG,52.8,52.41,3.5248
TCA/ATG,52.8,52.01,3.5170
ATG/GAA,52.8,53.78,3.5509
TCA/GGA,52.8,53.46,3.5447
CCG/AAC,52.8,53.18,3.5394
TGT/GCC,52.8,53.32,3.5422
ATA/AAG,52.8,51.61,3.5094
TGT/CCG,52.8,52.64,3.5292
AAG/GTG,52.8,53.50,3.5456
GCT/AAT,52.8,52.83,3.5327
TAC/AGT,52.8,51.04,3.4984
CTC/GTC,52.7,53.82,3.5516
TCG/AAA,52.7,51.21,3.5017
GTG/GAA,52.7,54.01,3.5553
AGT/GTA,52.7,51.89,3.5147
TGT/TTA,52.7,51.36,3.5047
CCG/ACC,52.7,54.07,3.5564
CAA/ACG,52.7,53.66,3.5485
GCA/GAT,52.7,51.33,3.5040
TTA/GAG,52.7,52.95,3.5351
CTC/CAG,52.7,55.29,3.5798
TGA/CAT,52.7,51.71,3.5114
CGT/CAA,52.6,48.92,3.4580
GAC/AAC,52.6,52.32,3.5229
TGC/CGC,52.6,52.17,3.5201
CGA/ACG,52.6,52.73,3.5309
ATA/TGG,52.6,55.79,3.5894
GCG/ATG,52.6,52.59,3.5282
TAA/TTG,52.6,52.52,3.5268
GCC/AGT,52.6,53.57,3.5470
GAT/TCA,52.6,50.48,3.4878
TAT/TTG,52.6,52.84,3.5329
TTA/TTT,52.5,51.48,3.5070
GCA/CCC,52.5,53.70,3.5494
TAA/GGG,52.5,53.24,3.5406
ACC/GGT,52.5,52.55,3.5273
TCT/ACA,52.5,50.42,3.4867
GTG/ATA,52.5,53.43,3.5443
CCC/GAC,52.5,53.97,3.5546
TGC/AGC,52.5,49.13,3.4619
CCG/TTC,52.5,53.72,3.5498
GCA/TAG,52.5,51.71,3.5114
GCT/ATG,52.5,51.89,3.5148
GCA/GCT,52.5,51.20,3.5016
AAG/GTT,52.5,53.15,3.5388
GAT/TTT,52.5,53.33,3.5423
TAT/ACG,52.5,50.09,3.4804
CGG/ACT,52.4,53.31,3.5419
GCC/CAA,52.4,53.63,3.5480
GCC/ATA,52.4,51.25,3.5026
TGC/ATC,52.4,50.19,3.4822
GCT/CAG,52.4,54.82,3.5707
CAA/AGG,52.4,52.88,3.5337
TCG/CGT,52.4,53.10,3.5379
GTA/TCA,52.4,49.54,3.4697
TAC/CCG,52.3,52.86,3.5333
TCC/GGA,52.3,52.27,3.5219
ATG/TTA,52.3,53.03,3.5365
GAC/CCC,52.3,53.04,3.5368
GGA/GTC,52.3,52.09,3.5187
AAG/TAG,52.3,52.90,3.5341
CTT/GCG,52.3,53.88,3.5528
TCG/ATG,52.3,51.47,3.5067
CTC/TTG,52.3,52.42,3.5249
TCG/GCT,52.3,50.02,3.4789
TGC/AGA,52.3,50.96,3.4970
AGA/TTC,52.3,52.46,3.5256
CGG/TCT,52.3,53.15,3.5388
TAG/TTG,52.2,52.35,3.5236
TTC/CTG,52.2,52.35,3.5236
GTT/AGC,52.2,52.16,3.5199
CTT/CAA,52.2,48.98,3.4592
TGA/AGA,52.2,51.25,3.5026
CCG/CAC,52.2,49.67,3.4723
AAG/AAG,52.2,52.02,3.5172
GGA/TGG,52.2,51.31,3.5037
ATG/TTG,52.2,53.30,3.5418
CAC/AGT,52.2,51.13,3.5001
GAC/ATT,52.2,52.03,3.5174
TAG/GAT,52.2,52.43,3.5251
CGT/ATA,52.1,50.35,3.4854
AGT/CAT,52.1,51.92,3.5153
TCA/AAA,52.1,51.33,3.5041
TTG/TAA,52.1,52.74,3.5310
TGC/TAC,52.1,51.97,3.5163
AAT/ACG,52.1,51.99,3.5167
TCC/CTG,52.1,52.36,3.5238
AAT/TAT,52.1,53.53,3.5461
CAG/AGT,52.1,52.29,3.5224
TGA/CTG,52.1,50.98,3.4974
GCT/CCC,52.1,52.29,3.5224
AAA/ACT,52.1,50.94,3.4966
TAG/TTT,52.0,51.99,3.5167
GAG/TAA,52.0,52.16,3.5199
ATT/GGA,52.0,51.87,3.5144
CTA/GCC,52.0,54.26,3.5601
GCA/GTT,52.5,51.66,3.5104
GAG/GTT,52.5,52.91,3.5343
AGT/TAT,52.4,53.80,3.5512
CGA/CTT,52.4,51.74,3.5118
CTC/GCA,52.4,53.09,3.5378
ACG/GCC,52.4,52.31,3.5228
GTC/CTC,52.4,53.46,3.5447
GCA/GAG,52.4,51.97,3.5163
GAC/ACT,52.4,50.82,3.4943
GAA/TGT,52.4,52.89,3.5338
AAA/AAT,52.4,51.34,3.5043
TTG/GAA,52.3,52.95,3.5350
ATT/ATA,52.3,51.38,3.5050
GAA/AAC,52.3,53.82,3.5516
GTC/AGC,52.3,52.07,3.5182
AAT/AAG,52.3,51.58,3.5089
AAG/ACG,52.3,52.15,3.5198
TGA/CGG,52.3,51.53,3.5079
TCT/ATG,52.3,50.50,3.4883
GCC/CAT,52.3,53.55,3.5464
GCA/TCT,52.3,51.13,3.5001
GTA/TAC,52.3,52.78,3.5319
CGA/AAT,52.3,51.68,3.5107
GTG/GGT,52.3,52.06,3.5180
GAT/TAT,52.2,52.24,3.5214
GTC/TAA,52.2,52.78,3.5319
GTT/GAT,52.2,52.87,3.5334
TCT/GAA,52.2,51.57,3.5087
TGT/GGA,52.2,51.77,3.5124
CCT/GCC,52.2,52.49,3.5262
GGT/TAG,52.2,52.15,3.5197
ATA/CTG,52.2,50.84,3.4947
ATT/TTG,52.2,52.95,3.5351
TGC/AGT,52.2,50.70,3.4920
GCG/ATT,52.2,52.10,3.5188
TAG/TCT,52.2,50.89,3.4956
GAT/AAC,52.1,52.84,3.5330
GTT/ACT,52.1,51.65,3.5101
AGT/GAA,52.1,51.52,3.5077
GCT/ACA,52.1,51.66,3.5103
TCG/CCC,52.1,53.29,3.5416
TCG/ACG,52.1,49.13,3.4619
GCC/AAT,52.1,52.51,3.5266
GCT/CCT,52.1,52.64,3.5292
ACG/CGT,52.1,52.12,3.5191
AGA/CGT,52.1,51.60,3.5093
TTT/TAG,52.1,52.76,3.5314
TAG/GCT,52.1,51.94,3.5157
AAT/AAA,52.0,50.64,3.4909
AGA/ACA,52.0,51.54,3.5080
AAG/ATA,52.0,51.95,3.5158
GCT/GGC,52.0,53.20,3.5398
CCC/AAG,52.0,53.35,3.5426
TTA/ACG,52.0,52.03,3.5174
GAA/GGG,52.0,52.84,3.5329
TGG/TAT,52.0,52.01,3.5171
TGT/TCT,52.0,52.13,3.5194
GAT/GAA,52.0,51.12,3.5000
TAT/GAG,52.0,52.35,3.5236
TTT/AGT,52.0,51.94,3.5157
GGA/TAA,52.0,51.51,3.5076
AAT/GAA,51.9,51.30,3.5034
GAA/TTA,51.9,53.06,3.5371
CCG/CCC,51.9,52.64,3.5292
CGA/TGC,51.9,49.44,3.4680
TCG/TAG,51.9,50.54,3.4890
CTA/AGG,51.9,52.55,3.5273
TTA/GTG,51.9,52.23,3.5212
ATT/GAT,51.9,52.64,3.5292
TCG/ACT,51.9,51.04,3.4986
GAG/GGT,51.9,52.31,3.5228
GGA/TAC,51.9,51.14,3.5004
TTG/TAT,51.9,52.76,3.5314
CGT/CTA,51.8,50.57,3.4896
CCT/AGT,51.8,51.96,3.5161
CTT/AGA,51.8,50.90,3.4959
ATT/GTA,51.8,51.23,3.5021
CCC/TAG,51.8,52.94,3.5348
CTA/ATG,51.8,51.61,3.5094
GGG/TAT,51.8,51.71,3.5113
TGC/TCT,51.8,50.83,3.4944
TTG/ACG,51.8,50.70,3.4920
TCA/CGG,51.8,52.19,3.5205
AGA/GTG,51.7,53.47,3.5450
AGT/AAA,51.7,50.51,3.4884
GCG/ACA,51.7,53.96,3.5543
TGT/GAC,51.7,52.05,3.5178
TGG/TAG,51.7,51.54,3.5081
AAA/GGG,51.7,51.92,3.5153
GCG/GTG,51.7,50.49,3.4880
TGA/GTC,51.7,50.56,3.4894
ACA/TCT,51.7,52.64,3.5292
TTG/GAG,51.6,51.77,3.5126
GCT/GAA,51.6,51.44,3.5061
CTC/AGA,51.6,50.75,3.4930
TTT/GTA,51.6,51.64,3.5100
AGA/ACC,51.6,51.38,3.5050
CCG/CTC,51.6,53.29,3.5416
CGT/CCG,51.6,52.37,3.5239
AAG/AGG,51.6,50.74,3.4929
GCT/ATT,51.6,51.49,3.5071
GCA/TGA,51.6,52.53,3.5270
AGA/CTC,51.6,50.66,3.4913
TAT/TAT,51.6,51.71,3.5113
AGC/CAG,52.0,53.26,3.5411
CAC/CCG,52.0,51.80,3.5130
AAT/ATG,52.0,52.11,3.5190
ATA/ACT,52.0,49.95,3.4776
TGG/GGT,52.0,51.86,3.5143
TAA/GTA,52.0,52.55,3.5273
CGC/TGG,52.0,52.97,3.5354
GTA/TGT,52.0,50.98,3.4974
GGC/ATT,52.0,51.60,3.5091
TAA/ACA,51.9,51.18,3.5011
ACG/CAC,51.9,50.92,3.4963
TGC/GCC,51.9,52.17,3.5201
GGG/GAG,51.9,51.17,3.5010
CCC/ACG,51.9,52.84,3.5329
CCC/ATG,51.9,53.21,3.5399
TCG/AAT,51.9,51.37,3.5049
GGG/GAT,51.9,51.21,3.5017
GAC/GCT,51.9,50.23,3.4830
GCT/TGT,51.9,53.26,3.5409
TAT/TAG,51.9,51.76,3.5123
TTG/ACT,51.9,50.51,3.4884
GTA/GTG,51.8,52.08,3.5184
TCG/ACA,51.8,50.06,3.4798
GCG/ATA,51.8,52.11,3.5190
GCA/ATC,51.8,51.71,3.5114
ATT/TGG,51.8,53.94,3.5540
CCC/TTG,51.8,52.02,3.5172
ATA/GCT,51.8,49.26,3.4645
TGG/GTT,51.8,51.71,3.5114
TAA/AGC,51.8,51.21,3.5017
GTG/TCT,51.8,50.65,3.4910
TTG/ATG,51.7,51.51,3.5074
CTG/AAA,51.7,51.15,3.5006
AGT/CGA,51.7,49.87,3.4762
GTT/CCC,51.7,53.00,3.5360
GAA/GCG,51.7,52.21,3.5209
GGT/GGG,51.7,51.92,3.5153
GCG/ACT,51.7,52.46,3.5256
GTA/TTG,51.7,52.11,3.5190
CGA/TTT,51.7,50.56,3.4894
TTG/TAG,51.6,51.57,3.5086
GTT/TCA,51.6,50.56,3.4893
TCG/CGA,51.6,52.97,3.5354
TCA/AAC,51.6,50.79,3.4937
AGC/CGC,51.6,53.09,3.5377
GGT/GTC,51.6,49.20,3.4632
ACC/TCG,51.6,55.09,3.5759
CTG/AGG,51.6,50.16,3.4817
GCC/CTT,51.6,52.32,3.5231
TAC/AGC,51.6,50.06,3.4798
TCT/CGG,51.6,52.59,3.5282
GTC/ATT,51.6,51.83,3.5137
GAG/TAT,51.6,52.94,3.5348
CGT/TTA,51.5,49.94,3.4775
AAA/CAT,51.5,50.16,3.4817
CGT/AAA,51.5,49.66,3.4722
TGT/TAA,51.5,50.70,3.4920
ACC/GGA,51.5,52.39,3.5243
TCA/ATA,51.5,50.47,3.4876
ACT/TTA,51.5,53.59,3.5473
TGT/TCC,51.5,51.68,3.5107
GAC/ATC,51.5,50.35,3.4854
CGA/CCG,51.5,52.29,3.5225
CAT/AGG,51.5,51.13,3.5001
GGT/TGG,51.5,50.55,3.4891
GCA/TTG,51.5,51.19,3.5013
CAT/CGT,51.5,51.74,3.5118
TCG/TGT,51.5,51.92,3.5153
TGT/ATT,51.5,51.33,3.5040
CAA/TCT,51.5,50.02,3.4789
GCA/ACA,51.4,51.33,3.5040
AGG/CTG,51.4,50.11,3.4808
TAT/GAT,51.4,51.76,3.5123
GCT/AAC,51.4,52.45,3.5255
TTA/GTA,51.4,50.86,3.4951
AGT/TAC,51.4,51.57,3.5086
AAA/CAG,51.4,50.42,3.4867
TGT/GGG,51.4,52.32,3.5231
TAA/CAT,51.4,50.41,3.4864
ACT/TGC,51.4,54.82,3.5709
AGT/GAG,51.4,51.35,3.5044
TAT/CTG,51.4,50.96,3.4970
TAC/GTA,51.3,51.39,3.5051
CAT/AAA,51.3,50.28,3.4840
GCC/ACA,51.3,50.21,3.4827
AGG/GTA,51.3,49.75,3.4739
AAT/GAG,51.3,51.13,3.5003
AAG/CGG,51.3,51.13,3.5001
CAT/ATG,51.3,50.89,3.4956
AAG/GAT,51.3,51.32,3.5039
AAG/GCT,51.3,50.71,3.4921
GGG/GTT,51.3,51.54,3.5080
AGG/GAT,51.3,51.02,3.4981
GGC/TAC,51.2,51.04,3.4984
TAA/CGG,51.2,49.86,3.4759
CGT/CAC,51.2,51.00,3.4977
TCA/GCT,51.2,50.38,3.4860
ACA/GTT,51.2,50.45,3.4873
ATT/AGA,51.2,50.86,3.4950
TTT/TTA,51.2,51.09,3.4994
CTC/GCC,51.2,52.55,3.5275
GAT/TTC,51.2,52.18,3.5204
CAG/ACG,51.2,51.78,3.5127
CGT/TCG,51.2,52.64,3.5290
ATA/GGG,51.2,53.07,3.5372
CCC/CTG,51.2,51.80,3.5131
CAG/CGT,51.2,50.95,3.4967
GGC/TAA,51.1,51.74,3.5118
AGT/ACT,51.1,50.74,3.4929
GAG/GAA,51.1,51.94,3.5157
GTG/GCA,51.1,50.61,3.4903
TTT/GGA,51.1,51.55,3.5083
TCT/AAC,51.1,49.89,3.4765
GGC/GTC,51.1,49.17,3.4628
AAG/TCG,51.1,53.26,3.5409
TCT/AAT,51.1,50.74,3.4927
ATG/ACT,51.1,50.77,3.4933
CTA/TTT,51.1,49.92,3.4771
GCA/ACC,51.1,51.52,3.5077
TAA/GTC,51.1,51.72,3.5116
AGG/CTT,51.1,51.13,3.5001
CTA/TCT,51.0,49.28,3.4648
TGA/TAA,51.0,50.82,3.4943
TAG/CTA,51.0,50.80,3.4939
TGA/CCC,51.0,50.50,3.4883
ACC/AAG,51.0,52.06,3.5180
GCG/TAG,51.0,50.09,3.4804
TAG/GGG,51.0,51.22,3.5020
ATA/GTG,51.0,51.37,3.5049
TGT/CAT,51.0,50.17,3.4820
TGC/ATT,51.0,49.16,3.4625
GTA/GTA,51.0,50.58,3.4897
TAT/ACT,51.0,50.27,3.4838
GGC/GAC,51.0,50.76,3.4931
TCT/ATT,51.0,50.08,3.4801
TAT/GGG,51.0,51.64,3.5100
TCC/AAA,50.9,50.16,3.4817
GTC/TCA,50.9,48.47,3.4494
AGA/CTA,50.9,49.57,3.4703
TCT/TTA,50.9,50.02,3.4789
TGT/TAC,50.9,50.14,3.4814
TGT/GTC,50.9,49.48,3.4687
TTT/ACG,50.9,49.15,3.4624
TGA/TGG,50.9,49.82,3.4752
AGG/GTG,50.9,50.66,3.4913
TCG/GAT,50.9,51.05,3.4987
TAT/TTT,50.9,51.23,3.5021
TAA/ACC,50.8,50.15,3.4815
CTG/AAT,50.8,51.18,3.5011
TTG/GTT,50.8,50.79,3.4937
AGG/CAA,50.8,49.77,3.4742
TTG/CAA,50.8,50.43,3.4868
GAC/TAA,50.8,50.87,3.4953
CCG/CGA,50.8,51.99,3.5167
TTA/GAC,50.8,51.01,3.4979
ATA/TTC,50.8,52.50,3.5265
CGA/TCG,50.8,52.57,3.5278
TCG/CGG,50.8,51.92,3.5154
GCT/GTG,50.8,50.08,3.4802
GAT/GAT,50.8,51.25,3.5024
GGA/GTA,50.8,50.33,3.4850
TAC/GGA,50.8,50.22,3.4828
TCC/TCG,50.8,52.19,3.5205
TTG/GGT,50.7,51.62,3.5096
TGC/TAA,50.7,52.28,3.5222
ATG/AAA,50.7,51.61,3.5094
TGG/TAA,50.7,50.45,3.4873
TAT/GCA,50.7,49.51,3.4693
GAG/GGA,50.7,50.94,3.4966
TGT/CAC,50.7,50.50,3.4881
AAT/TCG,50.7,51.95,3.5160
TCG/GTG,50.7,50.27,3.4838
AAG/ACT,50.7,50.48,3.4878
AAT/TCT,50.7,52.12,3.5192
TAA/TGT,50.7,51.83,3.5137
TAA/TAA,50.7,50.74,3.4929
GTC/ACC,50.7,50.47,3.4876
AGG/AAT,50.7,50.48,3.4878
GTG/TTT,50.7,50.63,3.4907
TCT/ATC,50.6,48.84,3.4564
TTC/GAA,50.6,51.01,3.4979
GCT/GCA,50.6,49.88,3.4764
AGG/TGA,50.6,52.18,3.5202
AGA/AAC,50.6,48.95,3.4585
GCC/CCC,50.6,52.44,3.5252
ACG/CTC,50.6,52.09,3.5187
CAA/CCG,50.6,49.99,3.4784
GAA/TGG,50.6,51.47,3.5067
ATG/CAT,50.6,50.23,3.4830
AAA/CCT,50.6,48.92,3.4579
AAG/TGT,50.6,52.89,3.5338
GCA/TAA,50.5,49.93,3.4774
TGA/TTC,50.5,50.38,3.4860
TAT/GGT,50.5,51.05,3.4987
TCG/GCA,50.5,49.34,3.4660
TCA/GTA,50.5,50.04,3.4794
TCA/GAC,50.5,50.65,3.4910
CGC/TGC,50.5,50.62,3.4904
CTT/AAG,50.5,51.18,3.5011
ACG/AGG,50.5,51.28,3.5031
CAT/CTG,50.5,49.91,3.4769
TAC/GAT,50.5,50.38,3.4860
ATC/TCT,50.5,50.70,3.4920
CTA/CTT,50.5,49.07,3.4608
CAA/TTG,50.5,50.72,3.4924
TTT/ACT,50.5,49.66,3.4720
GAG/TCG,50.4,51.05,3.4987
TCT/TAA,50.4,50.58,3.4897
AAA/TCA,50.4,52.44,3.5253
CTT/CGA,50.4,50.13,3.4811
TCC/ATA,50.4,49.39,3.4670
GAC/ACC,50.4,50.61,3.4903
ACC/ACG,50.4,49.81,3.4751
ACC/GCG,50.4,50.48,3.4878
TCT/GTG,50.4,49.80,3.4748
GCG/TCT,50.4,50.62,3.4904
CCA/ATT,50.4,50.15,3.4815
TAC/TTT,50.4,50.00,3.4787
TGC/GAT,50.4,50.49,3.4880
AGG/ATG,50.4,50.53,3.4887
CGG/AAT,50.4,50.38,3.4858
TCA/GTC,50.3,49.48,3.4687
CGT/TAA,50.3,49.17,3.4628
GCG/TCA,50.3,51.24,3.5023
ACG/CGA,50.3,51.98,3.5164
AGG/GGA,50.3,50.37,3.4857
AAA/GTA,50.3,52.13,3.5194
AAT/TAC,50.3,51.63,3.5098
CCA/AGC,50.3,50.62,3.4904
ATG/AAG,50.3,50.40,3.4863
CCC/CCG,50.3,51.49,3.5071
CAT/CGG,50.3,50.50,3.4883
TTA/TGG,50.3,49.26,3.4644
CAT/TAT,50.3,49.46,3.4683
ATG/GTT,50.3,50.33,3.4850
ATT/AAT,50.3,50.39,3.4861
AGA/AGC,50.3,49.11,3.4615
AGG/AGG,50.3,49.77,3.4742
GTT/GGT,50.3,50.46,3.4874
ATA/AAA,50.2,50.53,3.4887
CGA/TCA,50.2,50.66,3.4913
TGA/CTA,50.2,49.65,3.4719
AGT/GAC,50.2,48.04,3.4411
TAT/TAC,50.2,49.71,3.4730
TAA/CAG,50.2,50.77,3.4933
ACG/CGG,50.2,50.91,3.4960
CTG/TAT,50.2,50.65,3.4910
ATA/CCT,50.2,48.06,3.4415
GAT/TAC,50.1,50.26,3.4837
AGT/CTC,50.1,49.34,3.4660
AGT/CCT,50.1,50.02,3.4789
CGA/TGT,50.1,50.47,3.4876
CAA/CCT,50.1,49.57,3.4705
TAA/TCG,50.1,51.42,3.5059
CCA/AAA,50.1,48.78,3.4553
GAG/GCA,50.1,50.57,3.4896
ATG/GGA,50.1,49.99,3.4785
GCG/GTA,50.1,50.22,3.4828
AGA/CAC,50.1,48.64,3.4525
TGC/TTC,50.1,49.98,3.4782
CTT/TAG,50.1,50.65,3.4910
AAT/AAT,50.1,50.83,3.4944
CCA/TAT,50.1,49.54,3.4699
TAA/CCT,50.1,50.35,3.4854
AAC/GGT,50.1,49.26,3.4644
GCC/ATT,50.1,50.89,3.4956
TAG/CAT,50.1,49.84,3.4756
TCA/TTG,50.1,50.65,3.4910
CGT/ACT,50.1,50.02,3.4789
TTG/CAT,50.1,50.45,3.4873
TTA/CGT,50.1,49.99,3.4784
CGG/CAA,50.0,49.23,3.4640
GCG/GAA,50.0,50.67,3.4914
CAT/CGA,50.0,50.87,3.4953
TTA/GGA,50.0,50.49,3.4880
CTC/AGC,50.0,48.53,3.4505
GAT/GTC,50.0,50.98,3.4973
ATA/TCG,50.0,53.82,3.5516
GCG/TAT,50.0,50.31,3.4845
ATC/GGT,50.0,49.75,3.4739
TGA/CTC,50.0,49.99,3.4784
TTC/GAT,50.0,50.50,3.4883
TAC/GTC,49.9,49.96,3.4778
CAA/AAA,49.9,49.78,3.4743
CTG/TAA,49.9,50.62,3.4906
TAG/GCA,49.9,50.27,3.4838
CGA/AGA,49.9,49.39,3.4670
TGT/CGA,49.9,49.56,3.4702
CGG/ATA,49.9,49.78,3.4745
ATT/GAC,49.9,51.41,3.5056
AAA/TAC,49.9,52.53,3.5270
ACG/CCC,49.9,49.66,3.4722
ATT/TCC,49.9,50.75,3.4930
TGT/TTC,49.9,49.68,3.4725
AGG/CGG,49.9,50.25,3.4834
ACG/TTG,49.9,52.37,3.5239
CGG/CGT,49.9,50.92,3.4961
GGT/GTT,49.9,49.96,3.4778
GTC/GTA,49.8,49.56,3.4702
CTG/AAG,49.8,49.93,3.4772
CCG/AAA,49.8,49.10,3.4614
AAG/CGA,49.8,50.18,3.4821
CTG/ATA,49.8,49.90,3.4768
CAT/AGC,49.8,50.62,3.4906
GAT/TCG,49.8,50.50,3.4881
CTT/AAT,49.8,49.92,3.4771
GGT/GGT,49.8,49.69,3.4726
TTT/GGT,49.8,50.26,3.4837
TCC/CAG,49.8,52.54,3.5272
CGT/AGT,49.8,49.80,3.4748
TCG/TAA,49.7,49.99,3.4784
TCT/GCA,49.7,48.98,3.4592
CGG/CTA,49.7,48.42,3.4485
GAA/GAC,49.7,50.02,3.4789
CGT/TCC,49.7,49.38,3.4667
TTA/GTC,49.7,49.71,3.4730
CCA/TAG,49.7,49.66,3.4722
AAT/GCG,49.7,49.95,3.4776
TCG/TGG,49.7,50.72,3.4924
AAT/CAT,49.7,49.20,3.4634
GAG/TGT,49.7,50.24,3.4833
GCG/GTT,49.7,50.59,3.4900
TAA/GGC,49.7,49.95,3.4776
ACA/GCT,49.7,48.15,3.4433
AGT/CTT,49.7,48.58,3.4515
TTT/GTG,49.6,50.23,3.4830
AGG/CGA,49.6,50.74,3.4927
ATG/TGA,49.6,53.49,3.5454
AGT/AAC,49.6,47.97,3.4398
GTT/ACC,49.6,50.63,3.4907
AAT/TCC,49.6,51.28,3.5031
GGC/GGC,49.6,49.89,3.4765
CCG/ACG,49.6,49.60,3.4709
GCT/TTG,49.6,49.63,3.4716
CAG/CCT,49.6,49.25,3.4643
CAG/CTT,49.6,49.01,3.4596
GTT/GCG,49.6,49.97,3.4781
CTG/ATT,49.6,49.81,3.4751
GGC/GTA,49.5,49.19,3.4631
TAA/GCC,49.5,49.35,3.4663
TCC/ATC,49.5,48.49,3.4498
CCG/AAT,49.5,49.44,3.4680
CGA/CCA,49.5,50.38,3.4858
AGC/TAC,49.5,52.70,3.5302
AAA/ATC,49.5,49.30,3.4653
CAC/CAG,49.5,51.13,3.5003
CCA/CTG,49.5,49.08,3.4611
AAT/GCT,49.5,47.48,3.4305
TAC/GGC,49.5,49.53,3.4696
CGT/TGA,49.5,48.88,3.4572
CGC/AGT,49.5,51.98,3.5164
TAT/GCG,49.4,49.60,3.4710
TGC/CAA,49.4,50.02,3.4791
AGG/AGA,49.4,49.95,3.4776
ATT/CGA,49.4,49.08,3.4611
TTT/ACC,49.4,48.89,3.4575
ACC/GGC,49.4,51.45,3.5064
CAG/TAG,49.4,48.93,3.4582
CCA/TTG,49.4,49.38,3.4668
AAG/CCT,49.4,48.31,3.4463
GGG/TGT,49.4,50.08,3.4801
CTG/TAG,49.4,49.38,3.4668
CGG/ATT,49.4,50.16,3.4817
ATG/CAA,49.3,50.20,3.4825
TAT/CCA,49.3,48.33,3.4466
CAT/TCA,49.3,47.98,3.4399
TGC/TTA,49.3,49.31,3.4654
CAA/ATC,49.3,48.00,3.4404
TAG/TCG,49.3,50.24,3.4833
CCA/CCT,49.3,48.20,3.4443
CGT/AAC,49.3,50.27,3.4838
TAC/TTC,49.3,48.24,3.4450
TAT/CAT,49.3,49.75,3.4738
CGT/CGT,49.3,49.01,3.4598
TAC/TCA,49.3,47.72,3.4351
GCA/TTA,49.2,49.86,3.4759
GTT/TCC,49.2,48.39,3.4478
GTC/TCT,49.2,48.42,3.4485
AAG/GCA,49.2,48.73,3.4544
AGA/GGA,49.2,49.66,3.4720
TTC/TAC,49.2,49.63,3.4716
GCA/TCC,49.2,49.60,3.4710
AAT/ATC,49.2,49.24,3.4641
CGT/TAG,49.2,47.79,3.4363
GAT/TGG,49.2,49.71,3.4730
ACG/TCT,49.2,51.92,3.5153
TGT/TTT,49.2,49.01,3.4598
CGT/ATG,49.1,49.42,3.4676
AGT/AGT,49.1,48.26,3.4453
CAC/AAA,49.1,49.08,3.4611
CCG/ACA,49.1,49.06,3.4606
AAC/GGA,49.1,49.54,3.4699
CAG/CTA,49.1,49.75,3.4738
TTC/TTA,49.1,48.28,3.4457
GAC/TAC,49.1,49.37,3.4666
TTA/GGC,49.1,49.89,3.4765
TTA/TCG,49.1,50.26,3.4835
ATG/CGT,49.1,49.47,3.4686
TGC/GTT,49.1,48.26,3.4453
AGT/CAG,49.1,48.97,3.4589
TCT/TTT,49.0,48.47,3.4494
TCG/CAA,49.0,47.92,3.4389
GAA/GCA,49.0,49.93,3.4772
GCC/TGA,49.0,51.31,3.5037
CCG/ATA,49.0,48.92,3.4579
GAC/GAC,49.0,48.49,3.4498
CCA/ACC,49.0,48.69,3.4536
TAT/GCC,49.0,48.73,3.4544
GAC/GTC,49.0,49.25,3.4643
CTT/ACG,49.0,48.61,3.4521
ACA/AAT,49.0,49.65,3.4719
CTA/TGT,49.0,49.32,3.4657
TAA/TCC,49.0,48.99,3.4593
CGT/CTG,49.0,48.92,3.4579
TAT/TCT,49.0,48.90,3.4576
TAC/CAA,49.0,48.08,3.4420
CGG/TAG,49.0,48.53,3.4505
AAC/AAA,48.9,49.04,3.4604
AAA/AGA,48.9,49.49,3.4689
CCA/CGA,48.9,49.18,3.4630
CAA/TTA,48.9,49.07,3.4608
CCA/AAC,48.9,48.64,3.4525
CGT/TAC,48.9,48.84,3.4564
GTC/TCC,48.9,48.19,3.4440
AAA/CGC,48.9,49.24,3.4641
TGT/CTC,48.9,49.32,3.4655
TTC/GTC,48.9,48.52,3.4504
CCG/TAG,48.9,48.45,3.4491
TGT/CGG,48.9,49.75,3.4739
ACT/TTG,48.9,51.98,3.5165
CAC/ACT,48.9,47.28,3.4265
GCG/TTT,48.9,50.07,3.4799
TAA/CCC,48.9,48.03,3.4409
CCT/ACT,48.8,47.55,3.4318
CTG/TTT,48.8,48.75,3.4547
ATA/CAA,48.8,49.09,3.4612
CCT/TAA,48.8,49.14,3.4622
GAC/GCA,48.8,48.39,3.4479
GAC/TGA,48.8,48.11,3.4425
CTT/AAC,48.8,48.60,3.4518
CCA/ATC,48.8,48.60,3.4518
CGA/TTC,48.8,48.56,3.4511
CAT/TCT,48.8,48.22,3.4446
TAC/GCA,48.8,48.34,3.4469
AGT/GGT,48.8,48.88,3.4572
TCA/CAG,48.7,49.12,3.4618
GGC/TTT,48.7,49.02,3.4599
CCG/TCA,48.7,47.85,3.4376
ATA/AGA,48.7,49.62,3.4713
AAA/GGA,48.7,49.88,3.4764
AAT/GAC,48.7,48.76,3.4549
TCC/ACC,48.7,47.88,3.4382
CCC/AGC,48.7,48.97,3.4589
CAA/TTC,48.7,48.17,3.4435
ATT/ACG,48.7,48.90,3.4576
ACG/ATG,48.7,49.08,3.4611
TCC/ACT,48.7,48.33,3.4467
ATG/CTT,48.7,48.80,3.4557
CCT/AAT,48.7,48.24,3.4450
TAC/TGT,48.7,47.44,3.4296
AAG/CAA,48.6,48.92,3.4579
GCC/GAA,48.6,49.70,3.4729
GCC/TAA,48.6,49.07,3.4608
GCA/GCA,48.6,48.86,3.4567
ATA/CTA,48.6,49.07,3.4609
TCC/GAC,48.6,49.61,3.4712
ACA/AGC,48.6,48.95,3.4585
GTT/GGC,48.6,49.92,3.4771
CCT/TAG,48.6,48.35,3.4470
ATC/AAT,48.6,49.08,3.4611
TCG/CAT,48.6,48.04,3.4412
GCT/TCT,48.6,48.26,3.4454
AGT/ATT,48.6,49.06,3.4606
TAG/TGT,48.5,49.58,3.4706
TCT/GCG,48.5,49.20,3.4634
CGT/CTT,48.5,47.96,3.4396
TCT/CCA,48.5,47.47,3.4302
CTA/TAC,48.5,48.57,3.4512
AAT/GCC,48.5,48.60,3.4518
ATA/AGC,48.5,49.06,3.4606
CGT/CTC,48.5,47.18,3.4248
CTA/CCG,48.5,49.08,3.4611
TAT/CGG,48.5,49.29,3.4650
TTG/CTT,48.5,48.68,3.4534
CTG/CCT,48.5,48.26,3.4454
TCC/TAA,48.4,48.66,3.4530
CTG/TCA,48.4,48.27,3.4456
CAC/ATA,48.4,47.63,3.4334
TCT/GCC,48.4,47.73,3.4353
AAT/CTC,48.4,48.62,3.4523
ACG/GAG,48.4,48.49,3.4498
TCC/GAT,48.4,49.90,3.4766
CCG/CTG,48.4,48.04,3.4412
CGT/ATT,48.4,48.51,3.4502
ATC/CAA,48.3,48.13,3.4428
AGC/ACA,48.3,50.36,3.4855
CAT/CCA,48.3,47.32,3.4274
TTA/GCA,48.3,48.80,3.4556
TGA/CGA,48.3,48.13,3.4428
CGC/CAC,48.3,46.47,3.4112
ATA/GCC,48.3,47.34,3.4278
CTT/AGC,48.3,49.16,3.4625
TAT/CTC,48.3,48.01,3.4405
CTA/TGG,48.3,49.45,3.4681
TCT/TGT,48.3,49.74,3.4736
TCC/GTT,48.3,48.69,3.4536
TTT/GGC,48.3,49.58,3.4706
CGT/TTG,48.3,46.96,3.4205
TAC/TCC,48.3,47.14,3.4239
AAC/CAA,48.2,47.83,3.4372
CAA/TAA,48.2,48.88,3.4572
ACG/GCA,48.2,46.42,3.4101
ATC/CGA,48.2,48.73,3.4543
AAT/AGC,48.2,48.78,3.4553
ATA/GGC,48.2,49.20,3.4634
AAT/CAG,48.2,49.15,3.4624
TCT/CCG,48.2,47.59,3.4325
TCG/CTG,48.2,48.50,3.4499
ATC/GTT,48.2,48.42,3.4483
TTT/GCC,48.2,47.89,3.4383
CCG/CCT,48.2,48.37,3.4475
CCG/TAA,48.1,48.48,3.4495
CTG/CCA,48.1,47.76,3.4358
CCT/CTA,48.1,48.56,3.4511
ATT/AAC,48.1,49.08,3.4611
AAT/ACC,48.1,48.55,3.4509
GCT/TCC,48.1,48.50,3.4499
CTT/ATC,48.1,47.88,3.4382
TAG/CAG,48.1,48.80,3.4556
TAT/TCG,48.1,49.15,3.4624
TCT/CTG,48.1,47.76,3.4358
CAT/CCT,48.1,47.52,3.4312
TAC/TGA,48.1,47.30,3.4270
CCG/TTG,48.1,48.25,3.4451
TTC/GCT,48.1,47.94,3.4392
CTC/TAA,48.0,48.57,3.4512
CCG/TGA,48.0,50.70,3.4920
TTA/CTA,48.0,47.97,3.4398
AAT/AAC,48.0,48.61,3.4521
CCT/ATC,48.0,47.75,3.4356
ATG/GCG,48.0,48.07,3.4417
CAC/TTT,48.0,48.09,3.4421
CCG/CAT,48.0,47.33,3.4275
CGC/TAA,47.9,47.82,3.4370
TTT/CGA,47.9,48.98,3.4592
TCC/TTA,47.9,47.85,3.4376
TAT/CAC,47.9,47.87,3.4379
CCA/CCC,47.9,47.07,3.4226
ATC/GGC,47.9,48.19,3.4440
TGT/CAG,47.9,48.76,3.4550
AAC/CAT,47.9,47.45,3.4299
TGT/CGT,47.9,47.66,3.4338
CTC/ATC,47.8,47.16,3.4243
CCT/TGT,47.8,48.60,3.4518
TCG/CTA,47.8,48.00,3.4404
GCC/GAC,47.8,49.05,3.4605
TTC/GCC,47.8,47.53,3.4315
CGC/CTC,47.8,47.36,3.4281
CGT/CAG,47.8,49.11,3.4615
GTG/TGG,47.8,48.72,3.4541
TCT/CAT,47.8,47.03,3.4218
GCC/TCT,47.8,48.20,3.4443
TTT/CTG,47.8,47.89,3.4383
TTG/CCG,47.8,48.58,3.4514
CCC/AAA,47.7,47.98,3.4401
CCG/CCA,47.7,47.35,3.4280
CTG/CTA,47.7,47.66,3.4338
CCG/TTA,47.7,47.79,3.4364
CTT/TAC,47.7,48.04,3.4411
CCT/ACC,47.7,47.69,3.4344
CAT/TCC,47.7,46.76,3.4166
GCC/TGC,47.7,50.35,3.4853
CCT/CCG,47.7,47.41,3.4291
CTC/TAT,47.7,48.04,3.4411
TAT/TGG,47.7,48.67,3.4531
TTT/CTT,47.7,47.69,3.4344
AGC/CAA,47.6,49.52,3.4694
AGC/GAA,47.6,49.86,3.4759
CAG/CCA,47.6,47.87,3.4379
ATA/CAC,47.6,48.13,3.4428
ATA/TGC,47.6,52.09,3.5187
ATA/CTC,47.6,47.66,3.4338
GCC/TAT,47.6,49.10,3.4614
TCC/GCT,47.6,47.44,3.4296
GAT/TGT,47.6,49.25,3.4643
TAA/CGC,47.5,47.18,3.4248
CGT/TTT,47.5,46.33,3.4085
ATG/CCA,47.5,48.07,3.4417
TCA/CTA,47.5,48.03,3.4409
TCT/CCC,47.5,46.14,3.4049
ACA/GTC,47.5,47.57,3.4321
CAA/CAG,47.5,49.46,3.4683
ATT/CCT,47.5,45.92,3.4006
ATC/GTC,47.5,47.93,3.4390
CTC/CGT,47.5,46.98,3.4208
ACA/AAA,47.4,47.43,3.4294
CAA/TCA,47.4,47.86,3.4377
ATG/CGA,47.4,48.51,3.4501
ATC/CTA,47.4,47.44,3.4297
CCC/ACC,47.4,46.99,3.4210
ATT/AGC,47.4,48.70,3.4538
GCC/GTC,47.4,48.62,3.4523
TCG/CAG,47.4,47.96,3.4396
GCC/GTT,47.4,48.67,3.4533
TAT/CGT,47.4,48.80,3.4556
AGC/CCA,47.3,49.63,3.4716
TTC/CCA,47.3,46.34,3.4087
CCC/CGA,47.3,47.88,3.4380
GCC/TTA,47.3,48.80,3.4557
CAA/CAC,47.3,46.99,3.4210
ATT/GCC,47.3,46.08,3.4037
ATT/TGC,47.3,52.34,3.5234
CCT/TTC,47.3,46.47,3.4112
ATC/ATC,47.3,48.10,3.4422
CGG/TGT,47.3,47.21,3.4252
TCC/TTC,47.2,47.35,3.4280
ACC/AGT,47.2,48.44,3.4488
CAC/TCA,47.2,46.73,3.4160
CAA/CTA,47.2,47.88,3.4380
CTC/TAC,47.2,47.34,3.4278
TAT/CCC,47.2,46.97,3.4207
CTT/CGC,47.2,47.39,3.4287
TGT/TGG,47.2,47.32,3.4274
TCC/TCT,47.2,46.59,3.4135
TAC/CCT,47.2,46.51,3.4119
TTG/TGT,47.2,47.66,3.4338
GTT/TGT,47.2,47.76,3.4357
CAC/CAA,47.1,46.76,3.4167
CAT/TGA,47.1,48.29,3.4460
AAC/AAC,47.1,47.82,3.4370
ACA/TCC,47.1,50.60,3.4901
CAC/CCT,47.1,46.07,3.4034
TCT/CTC,47.1,46.65,3.4145
CTC/TCT,47.1,46.43,3.4103
TCC/GCA,47.0,47.55,3.4318
AAA/TGA,47.0,51.50,3.5073
TCC/CAC,47.0,46.69,3.4154
ATT/GGC,47.0,48.30,3.4462
TCG/TCG,47.0,48.83,3.4563
TCT/CAG,47.0,47.79,3.4364
CAC/TGA,46.9,46.72,3.4159
ATA/CCC,46.9,46.01,3.4024
ATA/CGC,46.9,47.27,3.4264
CTA/TCG,46.9,49.49,3.4689
CCC/TCT,46.9,46.06,3.4032
ATC/CTT,46.9,47.00,3.4213
ACC/CGT,46.9,48.03,3.4409
ACA/GAA,46.8,48.11,3.4425
AAT/CAC,46.8,47.29,3.4268
CTT/CCC,46.8,45.91,3.4004
CCC/TCC,46.8,45.79,3.3981
ACG/GTT,46.8,48.20,3.4443
AGC/GTA,46.7,48.62,3.4523
AGC/CAC,46.7,47.20,3.4251
TTA/CGC,46.7,46.63,3.4141
CCC/TTC,46.7,46.00,3.4022
TCT/CCT,46.7,46.27,3.4074
TTT/CCG,46.7,47.79,3.4364
TAC/TGC,46.6,48.01,3.4405
GCC/GCA,46.6,48.12,3.4427
ATC/CAC,46.6,46.90,3.4194
CTC/CGC,46.6,47.47,3.4303
CTT/CTC,46.6,46.63,3.4142
CGT/TGG,46.6,47.72,3.4350
CCC/TTT,46.6,46.33,3.4084
ATC/CTC,46.5,46.37,3.4093
CTG/TGA,46.5,47.21,3.4252
CCC/TAC,46.5,47.32,3.4274
TTG/CAG,46.5,49.18,3.4630
TTC/CGT,46.5,45.93,3.4009
CTC/CTT,46.5,46.27,3.4074
TCC/CTA,46.4,46.87,3.4188
TGT/TGC,46.4,45.98,3.4018
ACT/CTG,46.4,45.80,3.3984
ACT/GAT,46.4,47.15,3.4240
CGC/TAT,46.4,46.30,3.4078
TCC/CCA,46.3,45.88,3.3999
AGC/ATA,46.3,48.05,3.4414
AGC/CCC,46.3,48.29,3.4460
CAC/TGC,46.3,46.95,3.4202
GTC/TGT,46.3,46.52,3.4120
ACT/CAA,46.2,47.15,3.4240
ACA/AAC,46.2,47.02,3.4217
CCC/CCC,46.2,45.46,3.3918
ACG/AAG,46.2,47.73,3.4353
TTT/TCG,46.2,48.50,3.4499
CGC/TTT,46.2,45.67,3.3959
ACC/CGA,46.1,47.86,3.4377
CCC/TTA,46.1,46.74,3.4163
ATT/CCC,46.1,45.03,3.3835
ACT/GCA,46.0,46.80,3.4175
CTT/TGG,46.0,47.81,3.4367
CCC/CTT,46.0,46.06,3.4032
CGA/TGA,45.9,46.08,3.4037
AAT/TGC,45.9,51.02,3.4981
ACT/AAG,45.9,47.76,3.4357
GGC/TGA,45.9,47.53,3.4313
CCC/TAA,45.8,47.25,3.4261
ATT/CGC,45.8,46.82,3.4178
CCC/CAA,45.7,45.71,3.3966
ACC/AGC,45.7,47.27,3.4264
CTT/TGT,45.7,46.40,3.4098
CGC/TGT,45.7,48.46,3.4492
ACG/ATA,45.6,46.78,3.4170
TCC/CCT,45.6,45.95,3.4012
CGT/TGT,45.5,45.73,3.3969
CAT/CAG,45.5,47.91,3.4386
TGC/TGT,45.5,45.16,3.3862
ACA/ACA,45.4,45.04,3.3838
CTT/CAG,45.4,48.61,3.4520
AGC/GTT,45.4,47.32,3.4274
TGA/TGA,45.3,45.78,3.3979
ACT/GTT,45.3,47.07,3.4226
TCT/TGC,45.2,47.79,3.4363
ACA/CTC,45.1,45.53,3.3931
TTT/TGT,45.1,46.07,3.4034
ACC/AAA,45.0,46.21,3.4062
ACC/TCA,44.9,49.35,3.4663
AGC/TGT,44.8,51.39,3.5051
ACC/TCC,44.7,49.31,3.4654
TAA/TGC,44.7,47.47,3.4303
ACA/CCA,44.6,44.76,3.3785
ACT/CAG,44.6,46.69,3.4154
ACG/CCT,44.5,45.14,3.3857
AGC/TGA,44.4,51.47,3.5067
ACG/CCG,44.4,44.39,3.3714
GAT/TGC,44.3,47.89,3.4383
ACT/AAT,44.3,46.54,3.4125
CAT/TGC,44.2,46.56,3.4129
ACT/GTC,44.2,46.53,3.4123
AGC/TGC,44.1,50.04,3.4794
CCT/CAG,44.0,47.17,3.4245
ACC/AAT,43.9,46.30,3.4078
ACC/GTC,43.7,46.42,3.4101
ACG/CCA,43.6,43.97,3.3633
ACT/ACT,43.4,43.92,3.3623
TTA/TGC,43.3,45.80,3.3982
ACT/GCC,43.2,44.47,3.3728
CTA/TGC,43.1,45.91,3.4004
CTC/TGC,43.0,45.40,3.3906
ACC/GAC,42.9,46.31,3.4081
ACC/GCC,42.7,44.07,3.3653
ACT/ACC,42.6,43.96,3.3630
ACC/ACT,42.6,43.92,3.3624
ACT/ATC,42.4,45.40,3.3906
TTT/TGC,42.3,45.47,3.3919
ACT/CCT,42.2,43.92,3.3623
ACC/CTC,41.8,44.24,3.3685
TAC/ACA,51.5,49.23,3.4640
GTA/GAC,51.5,52.12,3.5192
GTG/GCT,51.5,51.16,3.5007
GGA/GAA,51.5,51.30,3.5034
TTA/TAA,51.5,51.69,3.5110
TAG/GGA,51.5,50.82,3.4943
TTC/ATA,51.5,50.27,3.4838
GAC/TTA,51.5,51.91,3.5151
TAT/AGC,51.5,50.41,3.4866
GTC/ATC,51.5,51.40,3.5054
GCT/TCG,51.5,49.82,3.4752
CGA/CGG,51.5,52.81,3.5323
AAT/CTG,51.5,51.52,3.5077
CCC/GCT,51.5,52.32,3.5229
AAG/GGT,51.5,51.58,3.5089
CTA/ATT,51.5,50.77,3.4934
GGC/GCA,51.5,52.66,3.5295
GAT/TCT,51.5,50.61,3.4903
AGT/GTC,51.4,48.36,3.4472
CGA/CTG,51.4,50.93,3.4964
CTC/AGT,51.4,50.08,3.4801
TAG/GAA,51.4,51.66,3.5103
GGG/TTA,51.4,51.15,3.5006
CCC/GCC,51.4,52.03,3.5174
ATA/ACG,51.4,50.81,3.4941
TGG/TTG,51.4,51.27,3.5029
GAC/TTT,51.4,52.17,3.5201
CTG/TGC,51.4,54.31,3.5610
CTC/CCG,51.4,51.46,3.5066
GGC/GAA,51.3,51.77,3.5126
CGG/TCG,51.3,53.34,3.5425
ATA/GAA,51.3,52.77,3.5316
TGA/CCA,51.3,50.67,3.4914
ACG/ATC,51.3,52.91,3.5343
TGT/TAG,51.3,51.11,3.4999
GAT/GGG,51.3,51.70,3.5111
AAG/CTG,51.3,51.03,3.4983
GGT/TAT,51.3,51.17,3.5010
GAC/TCT,51.3,49.96,3.4778
TTT/AGC,51.3,50.72,3.4924
GTC/ACT,51.3,50.66,3.4913
CGC/CAG,51.2,52.71,3.5304
CAA/TAT,51.2,50.41,3.4864
TCC/GGC,51.2,51.32,3.5039
CCG/CGT,51.2,52.13,3.5194
ACT/TAA,51.2,52.92,3.5345
CTG/AGA,51.2,49.99,3.4785
ACG/AAC,51.2,52.61,3.5285
GCC/GGC,51.2,52.20,3.5207
CAA/AAG,51.2,51.54,3.5081
AAA/GCG,51.2,52.54,3.5272
CAA/CGG,51.2,50.59,3.4898
GTG/GGG,51.2,51.24,3.5023
ACA/GTG,51.2,52.30,3.5226
TAA/CGT,51.2,51.68,3.5107
TCT/TAG,51.1,50.08,3.4802
TAC/GTT,51.1,51.65,3.5101
GGG/GAA,51.1,51.33,3.5041
GTG/TCA,51.1,50.22,3.4828
GTT/GTA,51.1,51.52,3.5077
AGA/GAC,51.1,49.14,3.4622
ATT/TTC,51.1,51.66,3.5104
CTA/CGG,51.1,51.30,3.5036
TGG/CAT,51.1,50.71,3.4921
AAG/ATT,51.1,51.25,3.5026
GTA/GGA,51.1,51.22,3.5019
ACT/GGC,51.1,52.47,3.5258
GAG/GGG,51.1,51.26,3.5027
TTA/CTT,51.0,49.53,3.4696
AGA/GAA,51.0,50.76,3.4931
GCC/CCA,51.0,52.31,3.5228
TTG/GTA,51.0,50.51,3.4884
CGT/TGC,51.0,48.90,3.4576
CTA/AAG,51.0,51.15,3.5006
AAT/AGG,51.0,51.39,3.5053
AAT/TGG,51.0,53.78,3.5509
TGT/GTG,51.0,50.91,3.4960
CTA/CGT,51.0,50.83,3.4946
ATA/CTT,51.0,49.94,3.4775
TTT/GGG,51.0,51.30,3.5034
CTG/AGT,51.0,50.94,3.4966
CGG/AGG,51.0,50.95,3.4967
TCA/ATC,51.0,49.89,3.4765
TGG/TTA,50.9,51.20,3.5016
GCA/GAA,50.9,50.56,3.4894
TAG/TCA,50.9,49.48,3.4687
TGT/CTA,50.9,50.40,3.4863
AGT/CAC,50.9,49.72,3.4732
TGA/GGC,50.9,50.67,3.4914
AAC/CAG,50.9,52.18,3.5204
ATA/CCG,50.9,50.01,3.4788
ACC/ATG,50.9,50.94,3.4966
CGT/CAT,50.9,50.08,3.4802
GCC/CCT,50.9,52.12,3.5192
TAA/GAC,50.9,50.47,3.4876
AGT/ATC,50.8,48.01,3.4405
CGG/AGT,50.8,50.96,3.4970
AAA/AAA,50.8,50.14,3.4812
TAT/CAA,50.8,49.29,3.4650
AGG/GAA,50.8,50.08,3.4801
CTG/ACA,50.8,49.20,3.4634
GGG/GTA,50.8,50.56,3.4894
GAA/ACC,50.8,52.08,3.5184
GGA/TTC,50.8,50.90,3.4959
CGT/AGG,50.8,51.35,3.5044
AAG/GGG,50.8,50.38,3.4860
CAT/TTG,50.8,51.05,3.4987
AAT/ATT,50.8,50.47,3.4877
TAC/CAG,50.8,52.83,3.5327
GTC/TAC,50.8,51.69,3.5108
TCA/TCT,50.8,49.92,3.4771
TTC/ACT,50.7,48.84,3.4564
TGC/CCA,50.7,49.48,3.4687
AAT/CAA,50.7,49.11,3.4615
TCA/ACA,50.7,49.73,3.4735
CGC/AGA,50.7,52.63,3.5289
TGA/GGA,50.7,50.21,3.4827
GGT/TTC,50.7,50.20,3.4824
ACA/ATG,50.7,48.40,3.4480
CAG/AAT,50.7,50.81,3.4941
CAG/ACT,50.7,50.72,3.4924
ATG/AGT,50.7,50.92,3.4961
ATC/TTT,50.7,51.26,3.5027
GCA/GTA,50.7,52.04,3.5177
TTG/GGG,50.7,50.99,3.4976
AGG/CAT,50.7,49.64,3.4717
TAC/AAC,50.6,49.73,3.4735
AGG/AAA,50.6,50.64,3.4909
TAG/TAA,50.6,51.32,3.5039
GTG/GGA,50.6,51.11,3.4999
AGG/ATA,50.6,50.77,3.4934
ACG/ACC,50.6,50.74,3.4927
TGT/GGC,50.6,50.21,3.4827
GAA/GTC,50.6,51.04,3.4984
AGT/AGG,50.6,50.23,3.4831
CCA/ATG,50.6,50.45,3.4873
ACA/GAT,50.6,49.71,3.4730
AGG/AGT,50.6,49.86,3.4759
GAC/GTT,50.6,50.96,3.4970
GTA/TTA,50.5,50.95,3.4969
AGT/AAG,50.5,49.65,3.4719
AGA/AAA,50.5,49.93,3.4774
ATA/TCA,50.5,51.60,3.5093
TCG/GTA,50.5,49.95,3.4776
TCA/ACC,50.5,49.62,3.4713
CAG/AAG,50.5,49.65,3.4719
ATA/CAG,50.5,50.20,3.4825
AAT/CGG,50.5,51.28,3.5030
GCG/TTG,50.5,49.96,3.4779
CAG/TAT,50.5,49.74,3.4736
CAC/CGT,50.5,49.84,3.4756
AGA/TTA,50.5,52.88,3.5337
CAA/CAT,50.5,48.92,3.4580
GAG/GCG,50.4,50.59,3.4900
AGG/GGG,50.4,49.60,3.4710
CGA/ACA,50.4,50.83,3.4944
TTG/TCA,50.4,49.38,3.4667
AGA/ATA,50.4,49.54,3.4697
ATA/GTA,50.4,50.17,3.4820
GCT/ATC,50.4,50.83,3.4944
ATG/ACG,50.4,49.80,3.4748
CAG/CGG,50.4,48.94,3.4583
TGT/TTG,50.4,50.32,3.4847
AAT/AGT,50.4,50.65,3.4911
TGT/GTT,50.4,50.37,3.4857
TTC/TAA,50.4,50.80,3.4939
CTG/ACG,50.4,49.37,3.4666
AGT/GTG,50.4,50.29,3.4843
GTG/GTT,50.4,50.90,3.4959
CTA/AAA,50.3,50.06,3.4798
AAT/ACA,50.3,48.61,3.4520
TTT/TCA,50.3,49.72,3.4733
CTA/CGA,50.3,50.07,3.4799
AAG/CTA,50.3,51.36,3.5046
ATC/TTA,50.3,52.06,3.5180
TTA/TAC,50.3,50.79,3.4937
TTC/ATC,50.3,49.07,3.4608
CAA/TAG,50.3,50.61,3.4903
TAG/GCG,50.3,50.38,3.4858
CGT/CGG,50.3,51.03,3.4983
TGG/CTG,50.3,49.54,3.4697
ATG/GCT,50.3,50.23,3.4830
TCG/GTT,50.3,50.23,3.4831
GAT/GGT,50.3,51.45,3.5063
AGG/AAG,50.3,50.43,3.4868
ACT/CGG,50.3,51.60,3.5091
AGG/ATT,50.3,50.16,3.4817
CGG/AAA,50.2,50.36,3.4855
CGG/AGA,50.2,50.64,3.4909
GAC/GTA,50.2,50.70,3.4920
ATA/GAC,50.2,51.90,3.5150
TAT/ACC,50.2,49.39,3.4670
AAG/GCG,50.2,49.66,3.4720
AGT/CGG,50.2,50.18,3.4821
CAT/ACT,50.2,50.18,3.4821
ATC/AGT,50.2,48.49,3.4498
AGT/AGC,50.1,48.76,3.4550
TAA/TTC,50.1,50.08,3.4801
AAC/TCT,50.1,50.74,3.4929
TTT/GTT,50.1,50.06,3.4798
TCT/GTT,50.1,49.40,3.4671
TTC/TAT,50.1,50.29,3.4841
CGC/AAA,50.1,50.07,3.4799
ATC/AGA,50.1,49.69,3.4726
GGG/GGA,50.1,49.83,3.4753
CAG/TTA,50.1,50.89,3.4956
CGA/ATC,50.1,50.78,3.4936
CGA/CAG,50.1,53.04,3.5367
ATG/AGG,50.1,50.41,3.4864
CAT/AAT,50.1,50.20,3.4824
GAC/TAT,50.1,50.37,3.4857
TGT/CCT,50.1,49.87,3.4761
TGC/GGT,50.1,49.61,3.4712
AAT/CTT,50.1,49.87,3.4761
TAG/CTT,50.1,50.08,3.4801
CGG/CAT,50.1,49.89,3.4765
CCC/AGT,50.1,50.12,3.4810
TTG/GCT,50.1,50.07,3.4799
CCT/AAA,50.0,49.69,3.4726
TGA/CAA,50.0,49.55,3.4700
GCG/TAA,50.0,50.44,3.4871
GAC/GGA,50.0,49.91,3.4769
GTG/GTA,50.0,50.32,3.4848
GGA/GGC,50.0,50.54,3.4890
GAT/GCG,50.0,49.48,3.4687
ATG/GGG,50.0,50.42,3.4867
AAT/CGT,50.0,50.44,3.4870
TAA/CAA,50.0,49.13,3.4619
GTG/TTG,50.0,50.38,3.4860
GTT/TCT,50.0,49.49,3.4689
TAA/TGG,49.9,50.22,3.4828
TAG/CAA,49.9,49.19,3.4631
CAT/ACA,49.9,48.78,3.4553
GAC/TCA,49.9,49.15,3.4624
CGG/CGA,49.9,49.69,3.4728
GAA/GGA,49.9,50.60,3.4901
CTT/CTA,49.9,49.05,3.4605
GTT/GAC,49.9,51.63,3.5098
GAA/TAC,49.9,50.89,3.4957
TGC/CCC,49.9,48.15,3.4433
AGT/CGC,49.9,51.62,3.5096
ACA/AAG,49.9,48.83,3.4562
ATG/ATG,49.9,49.70,3.4729
CCA/TCT,49.9,48.60,3.4518
GTC/GGT,49.9,49.54,3.4699
CGG/AAG,49.9,50.44,3.4871
CGT/ACC,49.8,49.54,3.4699
GTT/GCT,49.8,49.63,3.4715
AAC/TCA,49.8,50.95,3.4969
TCG/TGA,49.8,51.79,3.5128
CGA/ACC,49.8,50.66,3.4913
GCA/GTC,49.8,49.87,3.4762
GTG/TCG,49.8,50.35,3.4854
GCC/ACT,49.8,50.12,3.4810
ATG/ATT,49.8,49.93,3.4774
GCT/ACC,49.8,50.30,3.4844
AGT/ATG,49.8,49.51,3.4693
TCT/CAA,49.7,48.80,3.4557
AAA/ACA,49.7,47.42,3.4293
ATC/TCA,49.7,50.68,3.4916
ATG/GTA,49.7,49.81,3.4751
TCA/TAC,49.7,49.38,3.4667
GTA/TCC,49.7,49.60,3.4709
GTA/TTC,49.7,49.57,3.4705
CCT/ACG,49.7,48.80,3.4557
CCC/TCG,49.7,51.48,3.5070
CAG/CTG,49.7,49.40,3.4671
CTA/CCT,49.7,48.63,3.4524
CAT/ATT,49.7,49.20,3.4632
TAA/TCA,49.7,48.93,3.4582
CGG/TAT,49.7,49.78,3.4743
AGC/GCT,49.7,52.14,3.5195
GTT/TTT,49.7,50.06,3.4798
TCC/ACA,49.6,48.32,3.4465
CTC/CGA,49.6,48.39,3.4479
CTA/ATA,49.6,49.82,3.4752
CGA/AAC,49.6,49.20,3.4632
CGA/CCC,49.6,50.21,3.4827
CAA/AGC,49.6,48.80,3.4557
ACC/TGC,49.6,53.87,3.5526
TGG/CGG,49.6,49.31,3.4654
TCG/TAT,49.6,50.23,3.4830
CTT/AGT,49.6,49.69,3.4726
CAT/TTT,49.6,49.37,3.4666
GTT/GTG,49.6,50.17,3.4820
CCT/ATA,49.6,49.69,3.4728
ATT/AGT,49.5,49.15,3.4624
GAT/TCC,49.5,50.61,3.4903
TCT/GTC,49.5,48.67,3.4531
ATG/ACA,49.5,49.78,3.4745
TCT/TCA,49.5,48.07,3.4418
GAA/TCC,49.5,50.15,3.4815
AGC/GTC,49.5,48.75,3.4547
CAG/CCG,49.5,48.04,3.4411
TCG/TTG,49.5,49.58,3.4706
TGG/CGT,49.5,49.25,3.4643
GGC/GGA,49.5,49.86,3.4759
GAT/GAC,49.5,49.66,3.4720
TTT/TTT,49.5,49.20,3.4632
TCA/GCG,49.4,50.85,3.4949
AAT/GCA,49.4,48.61,3.4521
CAC/AGA,49.4,49.01,3.4598
AAA/GAC,49.4,49.28,3.4648
TGT/CCC,49.4,49.38,3.4668
GTA/GGC,49.4,50.46,3.4874
ATT/ATG,49.4,49.29,3.4650
TCC/AAT,49.4,49.87,3.4762
TCG/TCT,49.4,49.17,3.4627
TCC/ATT,49.4,48.89,3.4575
CGG/CTG,49.4,49.38,3.4668
GTT/GTT,49.4,49.98,3.4782
TTC/CAA,49.3,48.36,3.4473
AGC/GCA,49.3,53.05,3.5370
TGG/CGA,49.3,48.51,3.4501
CAA/AAC,49.3,49.18,3.4630
ATA/GTC,49.3,49.48,3.4687
TGT/CTG,49.3,48.73,3.4544
TGC/CCT,49.3,48.51,3.4501
GAT/GCC,49.3,50.83,3.4944
CTG/ATG,49.3,49.45,3.4681
AGT/CGT,49.3,48.58,3.4514
CTG/CGT,49.3,49.61,3.4712
ATT/CAT,49.3,48.95,3.4585
GTC/TTA,49.2,49.11,3.4615
AAC/AAT,49.2,48.92,3.4579
AGT/GTT,49.2,49.54,3.4697
TTG/GCA,49.2,49.73,3.4735
AAC/GTA,49.2,50.96,3.4970
TTT/TAC,49.2,50.29,3.4841
AAA/AGC,49.2,49.48,3.4687
TGC/CTC,49.2,49.03,3.4601
TAG/CCG,49.2,48.94,3.4583
ATT/GTG,49.2,49.60,3.4709
GCT/GTT,49.2,49.62,3.4713
TAG/CGT,49.2,50.00,3.4787
CGT/AAT,49.1,49.38,3.4668
CGG/CTT,49.1,49.70,3.4729
CAT/CAA,49.1,47.69,3.4344
CAA/AGA,49.1,49.06,3.4606
AAC/ATA,49.1,48.95,3.4586
AGC/TTA,49.1,51.48,3.5069
TTC/GAC,49.1,49.85,3.4758
AAA/GCC,49.1,47.21,3.4254
CGT/ATC,49.1,49.53,3.4696
CTT/ATG,49.1,49.06,3.4606
AAT/TGT,49.1,52.41,3.5248
TTT/CTA,49.1,48.83,3.4562
TAC/GCT,49.1,48.05,3.4414
GGC/TAT,49.0,49.87,3.4761
TCC/GAA,49.0,49.77,3.4742
TCG/TCA,49.0,48.38,3.4476
TAT/TGA,49.0,50.35,3.4854
TCC/GTA,49.0,49.07,3.4609
AAC/TAC,49.0,50.84,3.4947
AGC/GCC,49.0,51.80,3.5131
TTA/GCC,49.0,48.84,3.4564
CCT/AAG,49.0,49.17,3.4627
ATT/TCG,49.0,51.83,3.5137
CTT/ACT,49.0,48.22,3.4446
AAC/CTT,49.0,48.61,3.4520
AGA/TGC,49.0,51.90,3.5150
CTG/CAT,49.0,48.61,3.4520
TAT/CTT,49.0,49.28,3.4648
TAA/CAC,49.0,48.20,3.4441
TCA/CCG,49.0,49.38,3.4667
CGC/CCA,48.9,49.17,3.4627
AAC/AGA,48.9,49.60,3.4710
AAC/TGA,48.9,51.57,3.5087
CCT/TTA,48.9,48.59,3.4517
CGA/CAC,48.9,47.88,3.4382
GAC/GCC,48.9,47.89,3.4383
ATC/AGC,48.9,48.07,3.4417
TTC/GGC,48.9,49.16,3.4625
AAC/GTC,48.9,49.54,3.4697
TTA/TTC,48.9,48.82,3.4560
CCA/CCG,48.9,48.71,3.4540
CAA/TGG,48.9,49.25,3.4643
AAC/GAT,48.9,49.06,3.4606
CGC/ACT,48.9,48.66,3.4530
TAT/CCG,48.9,48.01,3.4406
ACT/TAG,48.8,51.48,3.5070
CGC/TCT,48.8,48.49,3.4498
ATC/GTA,48.8,49.21,3.4635
CTG/CAA,48.8,48.59,3.4517
CCT/ACA,48.8,48.74,3.4546
ACT/TCA,48.8,50.98,3.4973
CTC/ATA,48.8,48.15,3.4433
CGC/CCC,48.8,47.82,3.4370
CTA/ATC,48.8,48.36,3.4473
ATG/CTG,48.8,48.64,3.4525
AAC/CGT,48.8,49.59,3.4707
ACT/CGT,48.8,49.93,3.4774
TAC/GCC,48.7,47.55,3.4318
TTT/CAT,48.7,49.17,3.4628
CCT/CAA,48.7,48.14,3.4431
TCA/TCA,48.7,47.79,3.4364
CCC/AGA,48.7,49.96,3.4778
ATA/TGA,48.7,53.17,3.5392
CTA/ACC,48.7,48.39,3.4479
GTC/GCC,48.7,48.59,3.4517
CCA/CGC,48.7,48.57,3.4512
GCA/TTC,48.7,49.20,3.4634
ATA/GCG,48.7,49.70,3.4729
TAC/CAT,48.7,48.22,3.4446
TCT/GCT,48.7,47.81,3.4367
ATT/ACT,48.7,46.79,3.4173
GTC/GCT,48.7,48.76,3.4550
GTC/GTT,48.7,48.67,3.4531
CAG/CAA,48.6,47.28,3.4265
CGG/TAA,48.6,49.09,3.4612
CAC/ACA,48.6,47.76,3.4357
AAG/TGA,48.6,52.10,3.5188
CAT/AAC,48.6,48.68,3.4534
CGC/TAC,48.6,48.70,3.4538
GAA/GGC,48.6,50.00,3.4787
AAA/CTC,48.6,48.68,3.4534
ACC/CCG,48.6,48.42,3.4485
CAC/AAT,48.6,48.83,3.4563
CGT/TAT,48.6,49.10,3.4614
AGT/TGT,48.6,52.11,3.5190
TTC/GTT,48.6,48.76,3.4550
CCA/ATA,48.5,49.15,3.4624
GAG/TGG,48.5,49.16,3.4625
CAG/TAA,48.5,49.03,3.4601
CAC/CGA,48.5,47.70,3.4347
TCT/TAC,48.5,48.61,3.4520
CAA/TCC,48.5,47.94,3.4392
ACA/CGC,48.5,48.55,3.4508
CGT/TTC,48.5,48.59,3.4517
ACG/TTT,48.5,52.18,3.5204
TTG/CCT,48.5,48.96,3.4588
TTT/TTC,48.5,48.31,3.4463
ATT/GCT,48.5,47.02,3.4217
TTG/CCA,48.4,48.45,3.4491
ACA/AGA,48.4,49.56,3.4702
ATA/AAC,48.4,49.60,3.4710
TTA/TCC,48.4,48.48,3.4496
ATT/GTC,48.4,48.55,3.4509
ATT/CGG,48.4,49.17,3.4627
CTT/CGT,48.4,48.31,3.4463
CCG/TAT,48.4,48.60,3.4518
GTC/TTT,48.4,48.71,3.4540
CGC/CAA,48.3,48.38,3.4476
CTC/ACA,48.3,47.21,3.4254
TTT/CCA,48.3,48.86,3.4569
TTC/TCA,48.3,47.40,3.4289
TGC/CTA,48.3,47.21,3.4254
CAA/TAC,48.3,48.11,3.4424
TAT/TCC,48.3,48.17,3.4437
TCT/CGC,48.3,49.03,3.4601
TTC/TTC,48.3,47.83,3.4372
GCC/GAT,48.3,49.11,3.4617
TGG/TGT,48.3,46.85,3.4183
GCT/TTT,48.3,49.26,3.4645
GTT/TGG,48.3,49.06,3.4606
ACA/ATT,48.3,49.04,3.4604
ATT/CTT,48.3,48.08,3.4420
CTA/CAA,48.2,47.42,3.4293
ATA/ACA,48.2,47.02,3.4216
GCC/TCA,48.2,48.29,3.4460
CGC/ATA,48.2,47.95,3.4393
CAA/CGC,48.2,47.79,3.4364
AAC/ATC,48.2,47.44,3.4297
ACA/CAG,48.2,48.02,3.4408
CAA/TCG,48.2,50.33,3.4850
CTG/CTT,48.2,48.19,3.4440
TGC/CAT,48.2,48.08,3.4420
AGT/TGC,48.2,52.14,3.5195
CCC/CGT,48.2,48.05,3.4414
AAA/CCA,48.1,46.52,3.4120
TCA/GCA,48.1,48.61,3.4521
GCC/GTA,48.1,49.45,3.4681
TCA/CAC,48.1,47.44,3.4296
GCT/GCC,48.1,48.24,3.4450
CCT/CGC,48.1,47.96,3.4396
CCA/TTC,48.1,47.28,3.4265
CCG/CCG,48.1,48.13,3.4428
ATG/CGG,48.1,48.26,3.4454
ATC/CAT,48.1,47.60,3.4326
TCG/CTT,48.1,48.32,3.4465
TTG/TCG,48.1,49.32,3.4657
CGG/TTG,48.1,47.70,3.4347
TTG/CGT,48.1,48.67,3.4533
AAA/GCA,48.0,47.79,3.4364
TGT/TGA,48.0,47.41,3.4291
ACA/TTA,48.0,51.92,3.5153
TCA/CCC,48.0,47.36,3.4281
CTA/TTC,48.0,47.62,3.4331
ACT/GTG,48.0,47.96,3.4396
CTG/CTG,48.0,48.01,3.4406
CCT/TAT,48.0,47.53,3.4315
AAC/ACA,47.9,47.49,3.4306
GGG/TGA,47.9,48.28,3.4457
CTC/AAC,47.9,47.92,3.4388
TTT/CAC,47.9,47.83,3.4372
CTA/TCC,47.9,47.53,3.4315
AAC/TGC,47.9,50.47,3.4876
TCA/TCG,47.9,49.87,3.4761
CTC/ACT,47.9,47.39,3.4287
CTT/TTT,47.9,47.79,3.4363
AGC/ACT,47.8,49.39,3.4670
AAC/GAA,47.8,49.04,3.4604
TTC/CAC,47.8,47.14,3.4239
GCC/TAC,47.8,48.37,3.4475
TCT/TCC,47.8,46.69,3.4153
TTA/CTC,47.8,47.37,3.4284
CCA/TCG,47.8,49.50,3.4692
CTT/CTG,47.8,47.42,3.4293
ATC/ACT,47.8,45.83,3.3990
TCT/TCT,47.8,46.81,3.4176
TTC/CAT,47.8,47.83,3.4372
TAT/CCT,47.8,48.44,3.4488
CAA/CAA,47.7,47.18,3.4246
TTC/GCA,47.7,47.69,3.4344
ACA/GTA,47.7,47.86,3.4377
CAC/AAC,47.7,47.82,3.4370
TCC/TAC,47.7,48.04,3.4412
AAC/GCC,47.7,45.77,3.3977
AAC/CGC,47.7,48.38,3.4476
CAT/CTC,47.7,46.89,3.4192
CTT/CAT,47.7,47.28,3.4265
CCC/ACT,47.7,47.35,3.4280
TCC/GCC,47.7,47.46,3.4300
TAT/CAG,47.6,49.78,3.4745
CCG/CAA,47.6,47.17,3.4245
CCA/TAA,47.6,48.04,3.4412
GAG/TGA,47.6,48.93,3.4582
CAT/CAC,47.6,47.23,3.4256
GAC/TGC,47.6,47.58,3.4324
CCA/CTC,47.6,47.08,3.4229
TCC/TAT,47.6,48.53,3.4505
CCG/CTT,47.6,47.88,3.4380
TAC/CCA,47.5,46.81,3.4176
CTG/CCG,47.5,47.81,3.4367
CAC/TAA,47.5,47.99,3.4402
CCA/TCA,47.5,47.16,3.4243
TTC/CTA,47.5,46.97,3.4207
TTC/CCC,47.5,46.28,3.4075
CAC/TTC,47.5,46.27,3.4074
ATT/CCG,47.5,46.43,3.4104
GCC/GCT,47.5,48.01,3.4405
ACT/GAG,47.5,48.52,3.4504
CTC/ATT,47.5,47.53,3.4315
CCT/CCA,47.4,47.23,3.4256
TCC/TCA,47.4,46.59,3.4135
TTC/CGA,47.4,47.48,3.4305
CAC/TTA,47.4,47.81,3.4367
CTC/ACC,47.4,47.02,3.4216
AAT/CGC,47.4,49.07,3.4608
CGC/TTC,47.4,47.31,3.4272
CTG/TGG,47.4,47.46,3.4300
TAC/CCC,47.4,46.68,3.4151
CCA/CAA,47.3,46.92,3.4197
CAA/CCA,47.3,47.25,3.4261
ATA/GCA,47.3,47.41,3.4291
TTA/CGA,47.3,47.17,3.4245
CCC/AAC,47.3,47.20,3.4251
AGC/GAC,47.3,47.84,3.4373
GCC/TCC,47.3,48.03,3.4409
CCC/ATC,47.3,47.40,3.4290
CAC/CTT,47.3,46.87,3.4188
AGG/CAG,47.3,49.67,3.4723
TCT/CTT,47.3,47.28,3.4267
TTG/CGG,47.2,47.92,3.4389
AGC/GGT,47.2,48.21,3.4444
CTA/TGA,47.2,46.57,3.4131
CCG/CTA,47.2,47.54,3.4316
AAA/CCC,47.2,46.49,3.4115
CTT/TCC,47.2,46.30,3.4078
ATC/TGC,47.2,52.11,3.5190
CCC/AAT,47.2,47.66,3.4340
GGT/TGT,47.2,46.76,3.4166
TAC/CTC,47.2,46.18,3.4056
TTT/CGG,47.2,48.39,3.4478
TAT/TGT,47.2,48.07,3.4418
CCC/ACA,47.1,47.37,3.4283
CCA/CTA,47.1,47.76,3.4358
AAC/ACC,47.1,45.41,3.3909
ATT/CTC,47.1,47.35,3.4280
CTT/CTT,47.1,47.28,3.4265
TTT/CAG,47.1,50.45,3.4873
TCC/CAA,47.0,46.64,3.4144
CTC/TCA,47.0,46.22,3.4063
CTA/CTA,47.0,47.73,3.4353
CTA/CGC,47.0,47.97,3.4398
TTC/CTC,47.0,46.13,3.4046
CGG/TGG,47.0,47.18,3.4246
TCT/TCG,47.0,48.08,3.4420
ACG/GTA,46.9,47.85,3.4374
CAT/CCC,46.9,46.76,3.4167
CTT/CCG,46.9,47.20,3.4251
TAG/TGG,46.9,48.59,3.4517
ATC/CGT,46.9,47.86,3.4377
TAC/CGC,46.9,47.74,3.4354
ACG/AAA,46.8,47.47,3.4303
CGC/TGA,46.8,49.20,3.4634
CCT/TAC,46.8,47.14,3.4239
TTT/CCC,46.8,46.32,3.4082
CAC/CTC,46.8,45.06,3.3841
CAC/CCA,46.7,45.96,3.4013
CTC/TTA,46.7,47.22,3.4255
CTT/CAC,46.7,45.89,3.4000
GGA/TGC,46.7,47.78,3.4361
CAT/TCG,46.7,47.97,3.4398
ACT/AGC,46.7,48.35,3.4470
ACC/TTT,46.7,50.70,3.4920
ATC/CCA,46.6,44.79,3.3789
AGC/CTA,46.6,47.86,3.4377
ATC/ACC,46.6,45.46,3.3918
TAT/CGC,46.6,47.15,3.4242
ACA/GCG,46.6,47.98,3.4401
ATC/CCT,46.6,45.08,3.3845
CTC/TTT,46.6,46.63,3.4141
ACT/TTC,46.5,50.65,3.4910
AAC/CAC,46.5,46.46,3.4110
CTC/CCC,46.5,45.84,3.3991
ACG/AAT,46.5,47.96,3.4396
TTT/CTC,46.5,46.91,3.4195
AGC/GGA,46.4,48.70,3.4538
CCT/CAC,46.4,46.37,3.4093
CTA/CAG,46.4,48.59,3.4517
CTC/CAT,46.4,45.89,3.4000
TTT/CGT,46.4,47.28,3.4267
AGC/CCT,46.4,48.65,3.4528
ATC/GCA,46.3,46.09,3.4038
CTA/CAC,46.3,46.43,3.4104
CAC/CCC,46.3,45.43,3.3912
TGA/TGC,46.3,46.23,3.4065
CGG/CAG,46.3,49.17,3.4627
CCA/TGA,46.2,47.80,3.4366
CAC/CAC,46.2,43.42,3.3528
TTC/CGC,46.2,46.07,3.4034
ATG/CAG,46.2,48.95,3.4586
ACT/TAT,46.2,50.69,3.4919
TCC/CTC,46.2,46.15,3.4050
TAG/TGA,46.1,47.79,3.4363
CTC/CAC,46.1,45.19,3.3866
ACA/GCC,46.1,45.85,3.3993
GAA/TGA,46.0,48.39,3.4479
ACG/CAT,46.0,46.99,3.4211
CCC/TCA,45.9,46.04,3.4029
CTC/TGA,45.9,46.79,3.4172
ACA/ATC,45.9,46.22,3.4063
ACG/ACG,45.9,46.34,3.4087
GTC/TGA,45.9,47.97,3.4398
CCC/CCA,45.8,45.61,3.3947
CCA/TGC,45.8,47.18,3.4246
CCC/CAC,45.7,45.46,3.3918
ACC/TTC,45.7,50.32,3.4847
TCC/CTT,45.7,46.50,3.4116
CAG/TGA,45.6,47.37,3.4283
ACC/TAC,45.6,49.77,3.4742
TTT/TGG,45.6,47.41,3.4291
CCC/CTA,45.5,46.41,3.4100
ACG/ACT,45.5,46.59,3.4134
ACT/TCG,45.5,51.07,3.4991
ACT/ACA,45.4,45.55,3.3935
CCT/TCG,45.4,47.66,3.4338
ACA/CAA,45.3,46.29,3.4076
ACA/CAC,45.3,46.03,3.4028
ACT/ACG,45.3,45.54,3.3934
TAA/TGA,45.2,47.02,3.4216
CTT/TCG,45.1,47.71,3.4348
AGC/CAT,45.1,47.65,3.4337
TGG/TGA,45.0,46.66,3.4148
ACT/TCC,44.9,49.66,3.4720
ACA/GCA,44.7,45.62,3.3949
GAA/TGC,44.7,47.82,3.4370
TCC/TGC,44.7,46.76,3.4167
ACA/CTA,44.6,46.16,3.4051
ACC/GTT,44.6,46.60,3.4137
CTG/CAG,44.5,47.29,3.4268
TTC/TGA,44.4,46.56,3.4129
TTC/TGT,44.4,45.20,3.3869
GTA/TGC,44.3,47.37,3.4284
ACG/CTA,44.2,45.95,3.4012
CCT/TGC,44.2,46.56,3.4128
ACC/GAA,44.1,47.24,3.4258
TTA/TGA,44.0,46.43,3.4103
GTT/TGC,44.0,46.99,3.4211
ACC/CAA,43.8,45.37,3.3900
ACT/GCT,43.7,44.68,3.3770
ACT/CAT,43.6,45.60,3.3946
ACT/CAC,43.3,45.22,3.3872
ACT/GCG,43.3,46.31,3.4081
TTC/TGC,43.2,45.40,3.3907
ACT/CTT,43.1,45.26,3.3881
ACC/GCA,42.9,44.34,3.3703
ACC/AAC,42.8,45.53,3.3931
ACT/ATT,42.7,45.90,3.4002
ACT/CCC,42.6,43.96,3.3632
ACC/GCT,42.6,44.28,3.3693
ACC/CAT,42.4,45.11,3.3851
ACC/ACC,42.2,44.95,3.3820
ACC/ATT,42.2,45.42,3.3910
ACT/CTC,41.6,44.63,3.3759